University,Program,Year,Closing_Merit,Total_Seats,Applicants,Admission_Status
Bahria University,Electrical Engineering,2020,78.63,80,645,Closed
NED University of Engineering and Technology,Economics,2023,80.87,60,731,Closed
Riphah International University,Civil Engineering,2018,65.98,60,590,Closed
University of Sargodha,Chemical Engineering,2016,64.98,60,240,Closed
Ghulam Ishaq Khan Institute (GIKI),Software Engineering,2016,95.86,100,818,Closed
University of Gujrat,Biomedical Engineering,2017,71.7,80,387,Closed
National University of Sciences and Technology (NUST),Mathematics,2015,90.85,80,795,Closed
Air University Islamabad,Economics,2018,77.55,,504,Closed
University of Engineering and Technology (UET) Lahore,Software Engineering,2015,93.31,50,783,Closed
University of Sargodha,Economics,2022,65.22,60,663,Closed
National University of Sciences and Technology (NUST),Business Administration,2023,92.87,50,353,Closed
University of Central Punjab (UCP),Chemical Engineering,2022,73.25,120,1693,Closed
University of Management and Technology (UMT),Economics,2023,69.71,60,349,Closed
University of Gujrat,Economics,2017,68.68,40,572,Closed
Punjab University (PU),Business Administration,2019,,100,584,Closed
Bahauddin Zakariya University (BZU) Multan,Computer Science,2021,76.04,40,200,Closed
University of Engineering and Technology (UET) Taxila,Biomedical Engineering,2022,89.85,150,2848,Closed
Punjab University (PU),Civil Engineering,2020,80.07,40,253,Closed
University of Gujrat,Mathematics,2022,66.51,80,739,Closed
Superior University Lahore,Chemical Engineering,2019,65.49,40,458,Closed
University of Sargodha,Chemical Engineering,2020,65.62,50,556,Closed
Ghulam Ishaq Khan Institute (GIKI),Data Science,2018,99.5,80,1643,Closed
NED University of Engineering and Technology,Electrical Engineering,2021,89.57,60,597,Closed
Institute of Space Technology (IST),Data Science,2016,89.9,50,435,Closed
University of Central Punjab (UCP),Computer Science,2018,73.12,60,864,Closed
Quaid-i-Azam University (QAU),Computer Science,2024,95.59,40,636,Closed
Lahore University of Management Sciences (LUMS),Software Engineering,2022,99.5,40,420,Closed
Lahore University of Management Sciences (LUMS),Electrical Engineering,2015,94.82,80,747,Closed
University of the Punjab (Gujranwala Campus),Electrical Engineering,2020,74.53,120,600,Closed
Punjab University (PU),Mathematics,2024,78.39,60,482,Closed
COMSATS University Islamabad,Software Engineering,2018,81.72,150,1910,Closed
Quaid-i-Azam University (QAU),Business Administration,2015,83.87,60,890,Closed
University of Agriculture Faisalabad (UAF),Computer Science,2016,77.7,120,1372,Closed
NED University of Engineering and Technology,Data Science,2018,88.89,80,1167,Closed
NED University of Engineering and Technology,Data Science,2020,91.67,40,355,Closed
University of Management and Technology (UMT),Mathematics,2015,69.0,100,1005,Closed
University of Agriculture Faisalabad (UAF),Artificial Intelligence,2019,80.15,60,563,Closed
University of the Punjab (Gujranwala Campus),Mechanical Engineering,2022,74.7,40,283,Closed
Punjab University (PU),Artificial Intelligence,2017,88.32,100,1756,Closed
University of Karachi,Computer Science,2018,80.69,150,1007,Closed
University of Engineering and Technology (UET) Taxila,Business Administration,2023,86.7,120,811,Closed
Air University Islamabad,Artificial Intelligence,2015,84.59,50,831,Closed
Ghulam Ishaq Khan Institute (GIKI),Biomedical Engineering,2021,94.01,40,215,Closed
Institute of Space Technology (IST),Software Engineering,2017,86.09,100,1589,Closed
University of Engineering and Technology (UET) Lahore,Computer Science,2019,164.51,100,970,Closed
Mehran University of Engineering and Technology,Computer Science,2015,81.37,50,814,Closed
University of Sargodha,Mathematics,2023,68.51,80,897,Closed
University of Engineering and Technology (UET) Lahore,Civil Engineering,2019,85.54,40,657,Closed
COMSATS University Islamabad,Economics,2024,80.33,150,2165,Closed
COMSATS University Islamabad,Computer Science,2018,87.5,100,1090,Closed
Quaid-i-Azam University (QAU),Computer Science,2017,94.17,120,800,Closed
Islamia University of Bahawalpur,Mechanical Engineering,2021,67.48,50,354,Closed
Bahria University,Economics,2016,78.61,150,2354,Closed
Ghulam Ishaq Khan Institute (GIKI),Data Science,2023,99.5,100,772,Closed
Institute of Space Technology (IST),Mathematics,2019,78.78,60,993,Closed
University of Central Punjab (UCP),Software Engineering,2022,75.78,100,908,Closed
University of Management and Technology (UMT),Electrical Engineering,2016,74.94,50,529,Closed
Bahauddin Zakariya University (BZU) Multan,Software Engineering,2018,77.7,60,385,Closed
National University of Sciences and Technology (NUST),Mathematics,2016,93.24,60,681,Closed
University of the Punjab (Gujranwala Campus),Data Science,2021,79.19,150,1137,Closed
Quaid-i-Azam University (QAU),Business Administration,2018,87.69,50,554,Closed
Ghulam Ishaq Khan Institute (GIKI),Mathematics,2022,93.58,60,1018,Closed
University of Central Punjab (UCP),Chemical Engineering,2017,68.5,120,1641,Closed
University of Engineering and Technology (UET) Lahore,Mechanical Engineering,2023,91.45,100,759,Closed
Riphah International University,Electrical Engineering,2021,75.27,100,1556,Closed
Ghulam Ishaq Khan Institute (GIKI),Civil Engineering,2020,90.36,80,1090,Closed
Riphah International University,Business Administration,2021,70.44,150,2044,Closed
Lahore University of Management Sciences (LUMS),Civil Engineering,2016,90.31,120,2176,Closed
Mehran University of Engineering and Technology,Computer Science,2017,82.18,100,477,Closed
Islamia University of Bahawalpur,Software Engineering,2024,74.23,50,245,Closed
Institute of Space Technology (IST),Mathematics,2021,81.67,40,472,Closed
Islamia University of Bahawalpur,Software Engineering,2021,74.38,150,1264,Closed
Riphah International University,Economics,2021,68.43,120,1124,Closed
Islamia University of Bahawalpur,Software Engineering,2020,68.78,50,364,Closed
Islamia University of Bahawalpur,Business Administration,2015,64.75,50,296,Closed
University of Central Punjab (UCP),Computer Science,2023,77.44,100,906,Closed
Quaid-i-Azam University (QAU),Artificial Intelligence,2017,92.91,150,2855,Closed
University of the Punjab (Gujranwala Campus),Mathematics,2022,73.53,100,878,Closed
COMSATS University Islamabad,Data Science,2015,82.71,120,1546,Closed
FAST National University,Electrical Engineering,2021,87.94,80,806,Closed
COMSATS University Islamabad,Artificial Intelligence,2017,84.85,100,681,Closed
Bahauddin Zakariya University (BZU) Multan,Data Science,2021,78.78,150,729,Closed
University of the Punjab (Gujranwala Campus),Biomedical Engineering,2021,78.49,100,1654,Closed
Air University Islamabad,Software Engineering,2020,83.47,100,1364,Closed
Riphah International University,Data Science,2021,77.41,40,501,Closed
Bahria University,Chemical Engineering,2021,80.2,80,461,Closed
Air University Islamabad,Electrical Engineering,2023,81.51,80,556,Closed
University of Sargodha,Mechanical Engineering,2024,66.51,40,271,Closed
NED University of Engineering and Technology,Data Science,2021,90.12,40,695,Closed
University of Central Punjab (UCP),Economics,2022,67.58,80,924,Closed
University of Engineering and Technology (UET) Lahore,Chemical Engineering,2015,90.07,40,536,Closed
Ghulam Ishaq Khan Institute (GIKI),Software Engineering,2022,99.07,80,1118,Closed
University of Karachi,Artificial Intelligence,2018,80.72,40,361,Closed
University of Engineering and Technology (UET) Taxila,Computer Science,2020,94.47,120,1527,Closed
Lahore University of Management Sciences (LUMS),Economics,2023,93.72,100,933,Closed
Superior University Lahore,Mathematics,2016,62.42,150,926,Closed
NED University of Engineering and Technology,Biomedical Engineering,2017,87.03,120,901,Closed
Bahauddin Zakariya University (BZU) Multan,Artificial Intelligence,2016,75.98,60,848,Closed
University of Engineering and Technology (UET) Lahore,Computer Science,2024,99.5,100,1026,Closed
Bahauddin Zakariya University (BZU) Multan,Mathematics,2020,73.15,80,789,Closed
National University of Sciences and Technology (NUST),Economics,2023,96.09,150,1160,Closed
University of Engineering and Technology (UET) Taxila,Data Science,2018,88.58,40,216,Closed
Quaid-i-Azam University (QAU),Chemical Engineering,2020,86.64,100,537,Closed
Mehran University of Engineering and Technology,Biomedical Engineering,2020,79.78,50,552,Closed
National University of Sciences and Technology (NUST),Data Science,2023,99.5,120,1970,Closed
NED University of Engineering and Technology,Civil Engineering,2019,79.9,40,515,Closed
Lahore University of Management Sciences (LUMS),Biomedical Engineering,2024,99.5,40,230,Closed
COMSATS University Islamabad,Mechanical Engineering,2022,77.59,50,430,Closed
Mehran University of Engineering and Technology,Artificial Intelligence,2021,82.01,120,1688,Closed
University of Engineering and Technology (UET) Taxila,Biomedical Engineering,2020,90.45,120,1186,Closed
Bahria University,Mechanical Engineering,2019,78.55,50,361,Closed
University of Engineering and Technology (UET) Lahore,Civil Engineering,2023,88.2,80,859,Closed
University of Agriculture Faisalabad (UAF),Mechanical Engineering,2024,73.0,60,788,Closed
University of Sargodha,Data Science,2016,68.8,60,437,Closed
Bahauddin Zakariya University (BZU) Multan,Software Engineering,2021,77.05,50,589,Closed
FAST National University,Data Science,2016,93.49,60,1000,Closed
Air University Islamabad,Business Administration,2022,82.39,100,703,Closed
Mehran University of Engineering and Technology,Biomedical Engineering,2018,78.66,120,539,Closed
University of Central Punjab (UCP),Mechanical Engineering,2016,67.36,60,579,Closed
Bahria University,Mathematics,2023,76.77,100,842,Closed
Mehran University of Engineering and Technology,Biomedical Engineering,2015,77.69,50,741,Closed
Bahauddin Zakariya University (BZU) Multan,Computer Science,2020,78.55,120,958,Closed
University of Central Punjab (UCP),Software Engineering,2019,73.74,80,1237,Closed
Riphah International University,Artificial Intelligence,2019,79.21,150,1244,Closed
Air University Islamabad,Electrical Engineering,2015,80.06,50,430,Closed
University of Central Punjab (UCP),Business Administration,2015,66.53,100,621,Closed
Ghulam Ishaq Khan Institute (GIKI),Computer Science,2017,95.62,60,1179,Closed
University of Engineering and Technology (UET) Taxila,Software Engineering,2023,92.84,120,1403,Closed
University of Karachi,Chemical Engineering,2016,73.16,80,788,Closed
University of Sargodha,Biomedical Engineering,2023,69.0,80,768,Closed
Bahria University,Data Science,2016,81.89,120,976,Closed
University of Sargodha,Electrical Engineering,2022,69.25,120,1188,Closed
University of Central Punjab (UCP),Civil Engineering,2021,70.69,50,286,Closed
Punjab University (PU),Biomedical Engineering,2020,88.02,150,2044,Closed
Mehran University of Engineering and Technology,Biomedical Engineering,2016,78.66,50,245,Closed
University of the Punjab (Gujranwala Campus),Electrical Engineering,2018,76.07,60,779,Closed
Quaid-i-Azam University (QAU),Electrical Engineering,2018,,150,2263,Closed
Ghulam Ishaq Khan Institute (GIKI),Software Engineering,2019,97.46,150,1775,Closed
Riphah International University,Mathematics,2018,69.37,120,1621,Closed
Bahauddin Zakariya University (BZU) Multan,Computer Science,2018,77.86,40,507,Closed
Lahore University of Management Sciences (LUMS),Data Science,2021,99.5,150,1730,Closed
Ghulam Ishaq Khan Institute (GIKI),Biomedical Engineering,2018,97.51,40,624,Closed
University of Central Punjab (UCP),Mechanical Engineering,2024,73.24,80,1132,Closed
Institute of Space Technology (IST),Chemical Engineering,2020,84.23,40,251,Closed
University of Agriculture Faisalabad (UAF),Chemical Engineering,2018,73.44,120,610,Closed
University of Engineering and Technology (UET) Lahore,Economics,2019,90.25,150,1914,Closed
FAST National University,Data Science,2024,93.48,100,885,Closed
Islamia University of Bahawalpur,Computer Science,2015,69.77,60,581,Closed
University of Karachi,Economics,2024,74.29,100,1484,Closed
University of Engineering and Technology (UET) Lahore,Business Administration,2023,92.86,150,2012,Closed
NED University of Engineering and Technology,Mechanical Engineering,2016,84.64,150,1059,Closed
Punjab University (PU),Artificial Intelligence,2015,89.2,60,333,Closed
University of Sargodha,Mathematics,2019,66.47,80,601,Closed
National University of Sciences and Technology (NUST),Electrical Engineering,2016,95.29,50,829,Closed
Ghulam Ishaq Khan Institute (GIKI),Mechanical Engineering,2015,89.09,60,343,Closed
University of Engineering and Technology (UET) Lahore,Mathematics,2018,90.86,150,2860,Closed
University of Central Punjab (UCP),Electrical Engineering,2020,72.69,50,459,Closed
Mehran University of Engineering and Technology,Mathematics,2016,73.27,60,856,Closed
University of Gujrat,Economics,2019,68.42,120,1615,Closed
Bahauddin Zakariya University (BZU) Multan,Artificial Intelligence,2015,76.71,120,714,Closed
Punjab University (PU),Mathematics,2020,,150,1623,Closed
University of the Punjab (Gujranwala Campus),Software Engineering,2022,79.66,100,1336,Closed
University of Engineering and Technology (UET) Taxila,Chemical Engineering,2020,87.5,150,2245,Closed
Bahauddin Zakariya University (BZU) Multan,Data Science,2022,77.53,50,660,Closed
University of Karachi,Business Administration,2017,74.39,60,666,Closed
Quaid-i-Azam University (QAU),Electrical Engineering,2023,88.14,40,620,Closed
University of Management and Technology (UMT),Civil Engineering,2021,70.11,150,1006,Closed
Mehran University of Engineering and Technology,Computer Science,2023,86.82,60,1083,Closed
Bahria University,Computer Science,2018,86.03,150,2291,Closed
University of Engineering and Technology (UET) Taxila,Data Science,2017,92.68,60,1084,Closed
Institute of Space Technology (IST),Mathematics,2023,86.98,150,1972,Closed
University of Sargodha,Electrical Engineering,2021,68.99,50,710,Closed
COMSATS University Islamabad,Mechanical Engineering,2024,80.99,100,1443,Closed
University of Central Punjab (UCP),Computer Science,2019,73.83,60,317,Closed
Institute of Space Technology (IST),Computer Science,2022,93.06,40,410,Closed
Bahria University,Artificial Intelligence,2016,86.56,80,1081,Closed
University of Engineering and Technology (UET) Lahore,Business Administration,2019,92.45,150,2641,Closed
University of Sargodha,Data Science,2018,71.12,60,263,Closed
Lahore University of Management Sciences (LUMS),Business Administration,2022,94.15,80,489,Closed
University of the Punjab (Gujranwala Campus),Business Administration,2018,69.88,60,488,Closed
Lahore University of Management Sciences (LUMS),Biomedical Engineering,2019,99.2,150,2442,Closed
University of Central Punjab (UCP),Mechanical Engineering,2023,70.81,80,776,Closed
University of Karachi,Mechanical Engineering,2015,70.09,100,1264,Closed
Ghulam Ishaq Khan Institute (GIKI),Data Science,2022,99.5,80,790,Closed
Quaid-i-Azam University (QAU),Mathematics,2018,84.52,80,955,Closed
Mehran University of Engineering and Technology,Data Science,2019,83.41,40,463,Closed
Islamia University of Bahawalpur,Chemical Engineering,2022,69.22,60,608,Closed
Superior University Lahore,Mechanical Engineering,2023,63.23,40,213,Closed
National University of Sciences and Technology (NUST),Data Science,2017,99.03,60,507,Closed
FAST National University,Business Administration,2022,88.31,80,987,Closed
University of Management and Technology (UMT),Business Administration,2019,72.22,80,796,Closed
COMSATS University Islamabad,Mathematics,2024,77.09,120,1935,Closed
University of Central Punjab (UCP),Electrical Engineering,2015,70.58,120,1181,Closed
Institute of Space Technology (IST),Business Administration,2023,86.57,50,494,Closed
Air University Islamabad,Computer Science,2020,85.37,50,432,Closed
National University of Sciences and Technology (NUST),Mechanical Engineering,2015,90.99,80,1392,Closed
COMSATS University Islamabad,Artificial Intelligence,2019,89.34,80,468,Closed
Bahria University,Data Science,2022,88.95,60,910,Closed
Riphah International University,Electrical Engineering,2024,74.41,60,709,Closed
University of Central Punjab (UCP),Civil Engineering,2023,68.96,150,1607,Closed
Air University Islamabad,Electrical Engineering,2024,85.23,150,2116,Closed
Mehran University of Engineering and Technology,Software Engineering,2017,77.72,50,678,Closed
University of Gujrat,Mathematics,2016,65.86,150,1189,Closed
COMSATS University Islamabad,Software Engineering,2020,85.15,120,2167,Closed
COMSATS University Islamabad,Software Engineering,2023,84.59,40,358,Closed
Superior University Lahore,Electrical Engineering,2021,70.55,60,399,Closed
National University of Sciences and Technology (NUST),Civil Engineering,2018,88.74,50,583,Closed
University of the Punjab (Gujranwala Campus),Mechanical Engineering,2017,71.93,120,1820,Closed
Islamia University of Bahawalpur,Mathematics,2018,65.17,80,769,Closed
University of Engineering and Technology (UET) Taxila,Electrical Engineering,2021,86.8,120,1645,Closed
University of Agriculture Faisalabad (UAF),Mathematics,2020,69.29,40,589,Closed
University of Sargodha,Data Science,2024,76.29,40,206,Closed
Punjab University (PU),Artificial Intelligence,2019,89.56,80,512,Closed
University of Agriculture Faisalabad (UAF),Data Science,2022,78.96,60,743,Closed
Institute of Space Technology (IST),Data Science,2022,92.94,150,2208,Closed
Islamia University of Bahawalpur,Chemical Engineering,2019,68.06,50,418,Closed
Riphah International University,Software Engineering,2020,77.05,100,1518,Closed
NED University of Engineering and Technology,Chemical Engineering,2024,87.92,60,1020,Closed
University of Agriculture Faisalabad (UAF),Computer Science,2024,82.35,80,1229,Closed
Lahore University of Management Sciences (LUMS),Computer Science,2024,99.5,120,740,Closed
Lahore University of Management Sciences (LUMS),Civil Engineering,2020,90.92,100,1352,Closed
Superior University Lahore,Economics,2024,68.22,40,362,Closed
Mehran University of Engineering and Technology,Data Science,2015,82.21,150,2326,Closed
University of Karachi,Computer Science,2021,79.75,150,2314,Closed
Bahauddin Zakariya University (BZU) Multan,Business Administration,2022,69.92,150,1889,Closed
National University of Sciences and Technology (NUST),Computer Science,2019,99.43,80,1301,Closed
University of Central Punjab (UCP),Software Engineering,2023,73.52,150,1839,Closed
Superior University Lahore,Artificial Intelligence,2022,73.18,100,1253,Closed
Bahria University,Electrical Engineering,2018,137.24,40,560,Closed
Riphah International University,Artificial Intelligence,2015,73.59,80,444,Closed
NED University of Engineering and Technology,Artificial Intelligence,2017,89.36,100,522,Closed
University of Gujrat,Electrical Engineering,2016,68.27,80,807,Closed
Ghulam Ishaq Khan Institute (GIKI),Electrical Engineering,2019,94.61,100,1563,Closed
Riphah International University,Data Science,2015,73.94,50,483,Closed
Punjab University (PU),Mechanical Engineering,2017,78.65,50,280,Closed
University of Central Punjab (UCP),Computer Science,2020,77.74,120,646,Closed
University of Engineering and Technology (UET) Taxila,Electrical Engineering,2016,88.31,80,454,Closed
Bahauddin Zakariya University (BZU) Multan,Software Engineering,2019,77.12,80,729,Closed
University of Engineering and Technology (UET) Taxila,Data Science,2021,94.12,60,503,Closed
University of Management and Technology (UMT),Civil Engineering,2024,69.14,150,1795,Closed
Bahauddin Zakariya University (BZU) Multan,Biomedical Engineering,2024,78.77,50,591,Closed
Superior University Lahore,Chemical Engineering,2022,64.23,40,258,Closed
Islamia University of Bahawalpur,Artificial Intelligence,2016,72.31,40,512,Closed
Ghulam Ishaq Khan Institute (GIKI),Business Administration,2015,90.83,40,650,Closed
Riphah International University,Chemical Engineering,2023,76.23,40,417,Closed
University of Management and Technology (UMT),Computer Science,2024,81.57,80,1092,Closed
University of Karachi,Economics,2016,70.68,50,531,Closed
University of Gujrat,Artificial Intelligence,2021,75.62,80,805,Closed
Punjab University (PU),Mathematics,2022,81.42,40,298,Closed
University of Engineering and Technology (UET) Taxila,Business Administration,2019,86.69,80,1273,Closed
Mehran University of Engineering and Technology,Biomedical Engineering,2021,78.73,40,451,Closed
University of Management and Technology (UMT),Mathematics,2021,67.38,100,1131,Closed
Islamia University of Bahawalpur,Computer Science,2020,72.33,100,1125,Closed
Punjab University (PU),Chemical Engineering,2022,83.92,40,419,Closed
University of Engineering and Technology (UET) Lahore,Electrical Engineering,2020,94.14,40,442,Closed
National University of Sciences and Technology (NUST),Computer Science,2016,99.5,60,925,Closed
Lahore University of Management Sciences (LUMS),Business Administration,2015,92.34,50,403,Closed
University of Engineering and Technology (UET) Lahore,Civil Engineering,2017,85.34,40,510,Closed
Quaid-i-Azam University (QAU),Computer Science,2018,91.45,150,820,Closed
University of Karachi,Electrical Engineering,2021,78.92,50,607,Closed
FAST National University,Economics,2022,87.76,80,758,Closed
University of Engineering and Technology (UET) Taxila,Biomedical Engineering,2023,89.08,80,676,Closed
Bahauddin Zakariya University (BZU) Multan,Mathematics,2024,74.99,120,1339,Closed
Mehran University of Engineering and Technology,Software Engineering,2015,76.56,150,1657,Closed
NED University of Engineering and Technology,Mechanical Engineering,2018,85.03,40,280,Closed
Punjab University (PU),Biomedical Engineering,2016,85.82,100,911,Closed
University of Sargodha,Computer Science,2016,70.13,120,1487,Closed
Riphah International University,Biomedical Engineering,2015,71.71,100,971,Closed
Ghulam Ishaq Khan Institute (GIKI),Civil Engineering,2022,91.96,50,663,Closed
Bahria University,Biomedical Engineering,2021,80.59,150,892,Closed
NED University of Engineering and Technology,Biomedical Engineering,2018,88.26,150,2046,Closed
Riphah International University,Chemical Engineering,2015,68.37,150,2027,Closed
University of Management and Technology (UMT),Biomedical Engineering,2023,77.77,150,985,Closed
Superior University Lahore,Software Engineering,2022,70.44,40,553,Closed
University of Engineering and Technology (UET) Lahore,Chemical Engineering,2022,94.16,60,728,Closed
University of Engineering and Technology (UET) Lahore,Mechanical Engineering,2017,88.25,60,937,Closed
University of Engineering and Technology (UET) Lahore,Economics,2022,92.57,80,1128,Closed
Ghulam Ishaq Khan Institute (GIKI),Artificial Intelligence,2019,99.5,150,2649,Closed
Lahore University of Management Sciences (LUMS),Data Science,2019,99.5,60,976,Closed
Institute of Space Technology (IST),Computer Science,2015,87.46,80,1049,Closed
Bahauddin Zakariya University (BZU) Multan,Civil Engineering,2020,68.51,60,271,Closed
University of Sargodha,Software Engineering,2022,72.46,50,482,Closed
Superior University Lahore,Software Engineering,2021,68.07,120,1513,Closed
University of Gujrat,Mathematics,2019,68.17,120,1720,Closed
University of Central Punjab (UCP),Artificial Intelligence,2024,77.54,50,237,Closed
Bahauddin Zakariya University (BZU) Multan,Business Administration,2015,67.17,150,1917,Closed
FAST National University,Software Engineering,2019,90.5,60,1045,Closed
COMSATS University Islamabad,Chemical Engineering,2017,81.27,120,1207,Closed
NED University of Engineering and Technology,Artificial Intelligence,2019,93.47,100,873,Closed
University of Gujrat,Civil Engineering,2015,65.75,120,827,Closed
University of Karachi,Electrical Engineering,2018,76.24,40,186,Closed
Punjab University (PU),Computer Science,2023,89.88,120,1290,Closed
University of Central Punjab (UCP),Software Engineering,2024,76.34,50,510,Closed
Lahore University of Management Sciences (LUMS),Business Administration,2024,96.86,60,927,Closed
FAST National University,Artificial Intelligence,2019,93.37,80,1589,Closed
Air University Islamabad,Mechanical Engineering,2021,81.61,150,2355,Closed
Superior University Lahore,Mechanical Engineering,2021,64.48,40,173,Closed
Superior University Lahore,Artificial Intelligence,2023,72.94,80,593,Closed
Mehran University of Engineering and Technology,Mathematics,2023,75.9,50,388,Closed
Riphah International University,Civil Engineering,2016,64.05,40,353,Closed
University of Sargodha,Civil Engineering,2020,65.67,100,1155,Closed
Superior University Lahore,Chemical Engineering,2017,64.83,120,608,Closed
University of Agriculture Faisalabad (UAF),Civil Engineering,2017,67.21,150,1565,Closed
FAST National University,Business Administration,2024,87.14,120,1716,Closed
Lahore University of Management Sciences (LUMS),Civil Engineering,2015,90.68,150,2117,Closed
Riphah International University,Artificial Intelligence,2017,78.11,120,1252,Closed
COMSATS University Islamabad,Mechanical Engineering,2021,79.0,100,900,Closed
University of Central Punjab (UCP),Business Administration,2017,65.17,150,1487,Closed
Quaid-i-Azam University (QAU),Artificial Intelligence,2018,94.57,120,1339,Closed
Bahria University,Artificial Intelligence,2023,86.68,100,865,Closed
Islamia University of Bahawalpur,Computer Science,2023,74.54,120,1388,Closed
Quaid-i-Azam University (QAU),Mathematics,2017,87.0,60,433,Closed
Bahria University,Electrical Engineering,2022,80.78,60,860,Closed
Institute of Space Technology (IST),Electrical Engineering,2018,85.38,50,630,Closed
FAST National University,Artificial Intelligence,2018,93.6,100,740,Closed
Institute of Space Technology (IST),Economics,2017,80.94,80,504,Closed
University of Engineering and Technology (UET) Taxila,Business Administration,2017,81.95,80,805,Closed
University of Engineering and Technology (UET) Lahore,Biomedical Engineering,2021,93.68,120,1762,Closed
University of Management and Technology (UMT),Mechanical Engineering,2015,66.65,150,1245,Closed
FAST National University,Economics,2023,84.9,50,540,Closed
Bahauddin Zakariya University (BZU) Multan,Artificial Intelligence,2023,77.64,60,369,Closed
National University of Sciences and Technology (NUST),Software Engineering,2020,99.5,150,2658,Closed
Ghulam Ishaq Khan Institute (GIKI),Computer Science,2021,99.5,120,2510,Closed
Riphah International University,Business Administration,2020,67.33,100,1010,Closed
University of Agriculture Faisalabad (UAF),Mathematics,2024,74.75,150,1081,Closed
National University of Sciences and Technology (NUST),Biomedical Engineering,2019,95.39,40,751,Closed
Air University Islamabad,Mechanical Engineering,2018,78.86,120,1499,Closed
University of Central Punjab (UCP),Economics,2021,68.76,60,733,Closed
University of Gujrat,Biomedical Engineering,2020,73.94,80,1222,Closed
University of Agriculture Faisalabad (UAF),Biomedical Engineering,2020,75.78,50,255,Closed
FAST National University,Biomedical Engineering,2016,86.48,150,1021,Closed
Riphah International University,Electrical Engineering,2022,72.75,50,345,Closed
Superior University Lahore,Electrical Engineering,2022,67.12,,178,Closed
University of Engineering and Technology (UET) Taxila,Mathematics,2016,81.31,100,1515,Closed
University of Sargodha,Mechanical Engineering,2021,69.02,100,822,Closed
Quaid-i-Azam University (QAU),Mechanical Engineering,2021,85.61,150,1504,Closed
FAST National University,Biomedical Engineering,2021,92.65,40,743,Closed
University of Gujrat,Mechanical Engineering,2021,66.42,80,869,Closed
Superior University Lahore,Chemical Engineering,2020,66.03,150,1202,Closed
COMSATS University Islamabad,Computer Science,2024,85.04,100,1332,Closed
Quaid-i-Azam University (QAU),Mechanical Engineering,2022,89.66,60,443,Closed
Bahria University,Economics,2019,78.89,80,1168,Closed
Islamia University of Bahawalpur,Mathematics,2022,66.66,80,1067,Closed
Mehran University of Engineering and Technology,Economics,2022,79.03,100,1530,Closed
National University of Sciences and Technology (NUST),Mathematics,2022,95.32,50,472,Closed
University of Management and Technology (UMT),Business Administration,2023,70.89,50,275,Closed
Air University Islamabad,Business Administration,2015,77.63,120,1092,Closed
FAST National University,Software Engineering,2017,90.95,60,700,Closed
University of Sargodha,Software Engineering,2019,69.56,120,1508,Closed
Mehran University of Engineering and Technology,Chemical Engineering,2019,78.58,120,615,Closed
Punjab University (PU),Chemical Engineering,2024,85.03,60,828,Closed
University of Central Punjab (UCP),Biomedical Engineering,2015,72.99,50,210,Closed
Ghulam Ishaq Khan Institute (GIKI),Software Engineering,2017,93.63,120,1457,Closed
Air University Islamabad,Artificial Intelligence,2023,88.19,100,1641,Closed
Air University Islamabad,Data Science,2024,90.39,60,668,Closed
University of Engineering and Technology (UET) Lahore,Software Engineering,2019,96.82,120,1846,Closed
National University of Sciences and Technology (NUST),Software Engineering,2021,97.81,50,897,Closed
Bahauddin Zakariya University (BZU) Multan,Electrical Engineering,2018,76.35,80,807,Closed
University of Management and Technology (UMT),Economics,2024,71.88,120,1401,Closed
University of Sargodha,Biomedical Engineering,2021,71.84,150,1974,Closed
University of Engineering and Technology (UET) Taxila,Electrical Engineering,2020,88.89,80,1145,Closed
University of the Punjab (Gujranwala Campus),Economics,2018,71.28,40,165,Closed
COMSATS University Islamabad,Business Administration,2021,78.25,100,1645,Closed
Superior University Lahore,Artificial Intelligence,2020,74.37,80,358,Closed
University of Karachi,Civil Engineering,2023,74.7,100,1131,Closed
University of Karachi,Electrical Engineering,2017,78.16,120,891,Closed
Lahore University of Management Sciences (LUMS),Economics,2019,92.31,40,595,Closed
University of Engineering and Technology (UET) Taxila,Mathematics,2020,80.59,120,1509,Closed
University of Engineering and Technology (UET) Taxila,Artificial Intelligence,2023,96.33,40,541,Closed
Lahore University of Management Sciences (LUMS),Artificial Intelligence,2018,99.5,80,1528,Closed
Riphah International University,Civil Engineering,2021,69.05,60,619,Closed
Riphah International University,Data Science,2018,78.0,120,1581,Closed
COMSATS University Islamabad,Computer Science,2019,86.03,60,388,Closed
Ghulam Ishaq Khan Institute (GIKI),Biomedical Engineering,2022,,50,657,Closed
Air University Islamabad,Civil Engineering,2017,77.1,80,724,Closed
Institute of Space Technology (IST),Chemical Engineering,2024,86.34,150,1406,Closed
Air University Islamabad,Mechanical Engineering,2016,78.62,150,2090,Closed
University of Sargodha,Business Administration,2024,67.85,100,1147,Closed
Bahria University,Mathematics,2024,76.71,120,1520,Closed
Quaid-i-Azam University (QAU),Computer Science,2021,93.08,150,2669,Closed
Bahria University,Software Engineering,2020,81.38,80,377,Closed
Bahria University,Mechanical Engineering,2023,78.0,60,423,Closed
Bahria University,Artificial Intelligence,2019,87.43,60,337,Closed
Institute of Space Technology (IST),Electrical Engineering,2016,83.86,60,781,Closed
National University of Sciences and Technology (NUST),Civil Engineering,2022,89.02,60,788,Closed
University of Gujrat,Business Administration,2023,67.31,40,554,Closed
Mehran University of Engineering and Technology,Mechanical Engineering,2017,75.56,50,433,Closed
University of Engineering and Technology (UET) Lahore,Biomedical Engineering,2016,121.03,150,1958,Closed
University of Sargodha,Chemical Engineering,2024,71.42,50,672,Closed
University of Karachi,Software Engineering,2015,75.31,80,705,Closed
National University of Sciences and Technology (NUST),Civil Engineering,2015,91.25,40,782,Closed
Institute of Space Technology (IST),Business Administration,2019,80.64,50,298,Closed
Mehran University of Engineering and Technology,Data Science,2024,84.87,50,489,Closed
COMSATS University Islamabad,Mechanical Engineering,2023,79.42,50,323,Closed
Institute of Space Technology (IST),Computer Science,2024,91.13,80,722,Closed
FAST National University,Biomedical Engineering,2015,86.66,40,423,Closed
NED University of Engineering and Technology,Computer Science,2019,90.31,50,449,Closed
Lahore University of Management Sciences (LUMS),Mathematics,2021,94.33,40,443,Closed
University of Central Punjab (UCP),Economics,2015,,50,656,Closed
National University of Sciences and Technology (NUST),Data Science,2020,99.46,40,586,Closed
University of Engineering and Technology (UET) Taxila,Chemical Engineering,2023,88.03,50,362,Closed
Institute of Space Technology (IST),Data Science,2018,87.66,150,1239,Closed
Superior University Lahore,Mechanical Engineering,2024,68.05,50,320,Closed
University of Gujrat,Artificial Intelligence,2022,76.75,100,589,Closed
Punjab University (PU),Mechanical Engineering,2016,80.29,60,872,Closed
COMSATS University Islamabad,Civil Engineering,2018,74.14,60,727,Closed
Punjab University (PU),Software Engineering,2019,86.37,40,222,Closed
University of Management and Technology (UMT),Electrical Engineering,2023,76.5,120,898,Closed
University of Central Punjab (UCP),Software Engineering,2020,74.82,40,275,Closed
Quaid-i-Azam University (QAU),Chemical Engineering,2021,88.92,150,1519,Closed
National University of Sciences and Technology (NUST),Business Administration,2023,92.87,50,353,Closed
Islamia University of Bahawalpur,Electrical Engineering,2023,73.67,80,526,Closed
Superior University Lahore,Computer Science,2024,69.05,40,304,Closed
University of Karachi,Business Administration,2018,73.48,120,1820,Closed
Bahria University,Biomedical Engineering,2018,78.56,150,698,Closed
University of Agriculture Faisalabad (UAF),Civil Engineering,2023,71.44,100,993,Closed
Air University Islamabad,Mechanical Engineering,2015,77.16,50,652,Closed
University of Sargodha,Data Science,2022,72.03,80,367,Closed
Air University Islamabad,Chemical Engineering,2022,85.11,120,1300,Closed
Quaid-i-Azam University (QAU),Mathematics,2022,86.11,150,2643,Closed
National University of Sciences and Technology (NUST),Economics,2016,90.6,40,575,Closed
NED University of Engineering and Technology,Mathematics,2016,82.34,40,669,Closed
Lahore University of Management Sciences (LUMS),Biomedical Engineering,2018,99.04,100,676,Closed
Air University Islamabad,Computer Science,2018,87.1,100,1231,Closed
University of Engineering and Technology (UET) Lahore,Business Administration,2022,91.31,80,744,Closed
Quaid-i-Azam University (QAU),Artificial Intelligence,2015,93.01,120,1705,Closed
University of Central Punjab (UCP),Chemical Engineering,2021,70.58,40,502,Closed
University of the Punjab (Gujranwala Campus),Chemical Engineering,2021,74.1,80,349,Closed
Riphah International University,Data Science,2016,75.39,100,1507,Closed
COMSATS University Islamabad,Business Administration,2023,76.63,150,1506,Closed
Quaid-i-Azam University (QAU),Electrical Engineering,2021,87.65,60,799,Closed
University of Sargodha,Electrical Engineering,2018,66.47,120,499,Closed
University of Engineering and Technology (UET) Lahore,Business Administration,2018,87.6,120,2251,Closed
Islamia University of Bahawalpur,Software Engineering,2022,73.09,50,293,Closed
Lahore University of Management Sciences (LUMS),Data Science,2020,99.5,40,232,Closed
University of Karachi,Mechanical Engineering,2024,76.64,120,558,Closed
University of Agriculture Faisalabad (UAF),Biomedical Engineering,2024,77.74,80,357,Closed
University of Gujrat,Business Administration,2015,65.15,40,361,Closed
Islamia University of Bahawalpur,Chemical Engineering,2015,141.91,150,844,Closed
University of Gujrat,Mechanical Engineering,2023,68.73,50,574,Closed
University of Gujrat,Electrical Engineering,2021,69.37,60,785,Closed
Mehran University of Engineering and Technology,Software Engineering,2021,79.2,150,2419,Closed
National University of Sciences and Technology (NUST),Chemical Engineering,2021,96.95,80,798,Closed
University of Central Punjab (UCP),Civil Engineering,2019,66.24,40,411,Closed
Air University Islamabad,Civil Engineering,2016,76.09,100,929,Closed
FAST National University,Artificial Intelligence,2021,94.23,100,982,Closed
COMSATS University Islamabad,Economics,2016,79.31,120,1604,Closed
Ghulam Ishaq Khan Institute (GIKI),Civil Engineering,2019,87.86,40,301,Closed
University of Engineering and Technology (UET) Taxila,Mechanical Engineering,2017,83.76,150,1702,Closed
Islamia University of Bahawalpur,Data Science,2019,72.38,150,1131,Closed
Bahria University,Civil Engineering,2023,76.16,150,1015,Closed
University of Sargodha,Electrical Engineering,2019,67.39,60,515,Closed
University of Sargodha,Biomedical Engineering,2024,70.19,80,674,Closed
University of Karachi,Civil Engineering,2017,70.05,150,943,Closed
NED University of Engineering and Technology,Business Administration,2017,81.89,60,295,Closed
Riphah International University,Economics,2019,70.5,50,662,Closed
Ghulam Ishaq Khan Institute (GIKI),Software Engineering,2023,99.5,80,1134,Closed
University of Engineering and Technology (UET) Taxila,Electrical Engineering,2015,88.37,50,587,Closed
University of Management and Technology (UMT),Mechanical Engineering,2018,69.55,60,745,Closed
University of Sargodha,Business Administration,2016,61.32,50,544,Closed
University of Central Punjab (UCP),Artificial Intelligence,2016,75.42,150,1006,Closed
Mehran University of Engineering and Technology,Mathematics,2024,77.21,60,320,Closed
Islamia University of Bahawalpur,Biomedical Engineering,2022,72.58,80,1203,Closed
University of Gujrat,Computer Science,2020,74.7,50,760,Closed
NED University of Engineering and Technology,Chemical Engineering,2023,87.1,100,753,Closed
University of Engineering and Technology (UET) Taxila,Biomedical Engineering,2024,93.04,50,966,Closed
FAST National University,Electrical Engineering,2017,86.85,80,1452,Closed
Institute of Space Technology (IST),Chemical Engineering,2018,81.25,120,838,Closed
University of Gujrat,Mechanical Engineering,2024,67.56,60,710,Closed
University of Sargodha,Business Administration,2022,65.27,50,265,Closed
Islamia University of Bahawalpur,Mathematics,2021,65.46,50,279,Closed
University of the Punjab (Gujranwala Campus),Electrical Engineering,2017,74.77,80,871,Closed
University of the Punjab (Gujranwala Campus),Mathematics,2018,72.96,120,1733,Closed
Islamia University of Bahawalpur,Mechanical Engineering,2020,66.68,80,853,Closed
Punjab University (PU),Civil Engineering,2021,79.48,80,479,Closed
Lahore University of Management Sciences (LUMS),Biomedical Engineering,2022,99.5,50,531,Closed
Riphah International University,Artificial Intelligence,2024,79.1,40,238,Closed
Mehran University of Engineering and Technology,Business Administration,2022,76.24,120,1456,Closed
University of Agriculture Faisalabad (UAF),Artificial Intelligence,2024,76.96,60,451,Closed
University of Sargodha,Data Science,2019,71.68,150,1787,Closed
University of Agriculture Faisalabad (UAF),Civil Engineering,2022,68.74,50,712,Closed
Quaid-i-Azam University (QAU),Artificial Intelligence,2019,94.53,40,785,Closed
Lahore University of Management Sciences (LUMS),Software Engineering,2024,99.5,60,1171,Closed
COMSATS University Islamabad,Civil Engineering,2024,75.5,100,595,Closed
University of Management and Technology (UMT),Economics,2017,69.14,120,1241,Closed
Quaid-i-Azam University (QAU),Artificial Intelligence,2020,97.5,40,716,Closed
Air University Islamabad,Business Administration,2024,78.89,40,466,Closed
Air University Islamabad,Civil Engineering,2015,75.13,120,615,Closed
University of Agriculture Faisalabad (UAF),Business Administration,2024,73.52,40,168,Closed
Bahria University,Electrical Engineering,2019,80.92,60,605,Closed
University of Engineering and Technology (UET) Taxila,Software Engineering,2019,91.63,60,1036,Closed
Superior University Lahore,Computer Science,2020,72.29,120,1472,Closed
Ghulam Ishaq Khan Institute (GIKI),Biomedical Engineering,2017,93.08,120,1168,Closed
University of Management and Technology (UMT),Mathematics,2024,68.77,50,723,Closed
Institute of Space Technology (IST),Electrical Engineering,2023,86.67,60,986,Closed
Islamia University of Bahawalpur,Computer Science,2021,73.97,100,483,Closed
Riphah International University,Economics,2017,66.52,100,706,Closed
University of the Punjab (Gujranwala Campus),Business Administration,2021,73.5,60,915,Closed
University of Engineering and Technology (UET) Lahore,Economics,2015,86.69,80,638,Closed
Bahria University,Mechanical Engineering,2022,78.03,40,267,Closed
National University of Sciences and Technology (NUST),Electrical Engineering,2018,97.21,80,1210,Closed
Lahore University of Management Sciences (LUMS),Business Administration,2021,95.52,60,1002,Closed
Bahauddin Zakariya University (BZU) Multan,Mathematics,2021,71.39,120,1474,Closed
Bahria University,Economics,2017,78.46,150,2398,Closed
Air University Islamabad,Economics,2022,80.97,60,1011,Closed
University of Karachi,Software Engineering,2017,80.12,150,874,Closed
Quaid-i-Azam University (QAU),Software Engineering,2021,89.95,120,671,Closed
University of Central Punjab (UCP),Economics,2017,67.95,40,470,Closed
University of Agriculture Faisalabad (UAF),Business Administration,2017,68.0,60,531,Closed
Bahria University,Civil Engineering,2015,73.17,40,211,Closed
Islamia University of Bahawalpur,Chemical Engineering,2023,73.15,100,1414,Closed
University of Agriculture Faisalabad (UAF),Chemical Engineering,2023,72.41,40,510,Closed
University of Engineering and Technology (UET) Taxila,Data Science,2022,92.05,80,539,Closed
National University of Sciences and Technology (NUST),Mechanical Engineering,2020,93.65,40,747,Closed
University of Sargodha,Mathematics,2020,67.5,80,742,Closed
Superior University Lahore,Economics,2019,65.18,120,1500,Closed
Institute of Space Technology (IST),Business Administration,2017,78.63,150,1254,Closed
Mehran University of Engineering and Technology,Mechanical Engineering,2023,79.86,80,1308,Closed
Institute of Space Technology (IST),Computer Science,2017,86.23,40,266,Closed
Lahore University of Management Sciences (LUMS),Business Administration,2016,94.21,50,293,Closed
Islamia University of Bahawalpur,Data Science,2022,75.97,50,733,Closed
National University of Sciences and Technology (NUST),Business Administration,2020,90.57,120,1036,Closed
University of Karachi,Computer Science,2016,81.36,120,1247,Closed
University of Engineering and Technology (UET) Taxila,Chemical Engineering,2024,87.3,80,1178,Closed
Superior University Lahore,Computer Science,2022,70.68,80,1004,Closed
COMSATS University Islamabad,Artificial Intelligence,2024,88.83,40,213,Closed
Bahauddin Zakariya University (BZU) Multan,Business Administration,2024,76.73,100,874,Closed
Islamia University of Bahawalpur,Chemical Engineering,2024,70.84,80,380,Closed
Air University Islamabad,Artificial Intelligence,2021,89.03,100,1074,Closed
University of Gujrat,Chemical Engineering,2015,70.05,60,640,Closed
Mehran University of Engineering and Technology,Economics,2018,76.43,150,1769,Closed
Bahria University,Economics,2020,76.64,120,928,Closed
Bahauddin Zakariya University (BZU) Multan,Software Engineering,2023,78.32,40,628,Closed
University of Engineering and Technology (UET) Taxila,Mathematics,2018,139.76,60,691,Closed
University of Karachi,Electrical Engineering,2022,75.05,100,934,Closed
Lahore University of Management Sciences (LUMS),Civil Engineering,2023,94.18,120,1508,Closed
Punjab University (PU),Computer Science,2024,86.82,120,2002,Closed
University of Gujrat,Biomedical Engineering,2023,72.82,60,628,Closed
University of Central Punjab (UCP),Electrical Engineering,2024,72.24,120,1590,Closed
COMSATS University Islamabad,Economics,2015,78.05,100,1110,Closed
University of Karachi,Biomedical Engineering,2023,75.83,150,1338,Closed
Lahore University of Management Sciences (LUMS),Economics,2018,92.02,120,1074,Closed
Institute of Space Technology (IST),Biomedical Engineering,2023,85.52,150,2372,Closed
University of Agriculture Faisalabad (UAF),Business Administration,2023,74.16,100,1533,Closed
University of Engineering and Technology (UET) Taxila,Computer Science,2022,90.15,50,581,Closed
University of Management and Technology (UMT),Civil Engineering,2018,67.35,60,358,Closed
University of Engineering and Technology (UET) Taxila,Mathematics,2021,84.4,150,930,Closed
Mehran University of Engineering and Technology,Chemical Engineering,2017,76.71,120,1899,Closed
University of Engineering and Technology (UET) Lahore,Computer Science,2018,97.57,120,1864,Closed
Punjab University (PU),Chemical Engineering,2020,80.66,80,685,Closed
Lahore University of Management Sciences (LUMS),Chemical Engineering,2019,97.34,100,1804,Closed
University of Sargodha,Artificial Intelligence,2020,73.47,80,1137,Closed
NED University of Engineering and Technology,Economics,2019,86.12,80,1221,Closed
FAST National University,Artificial Intelligence,2015,92.29,60,973,Closed
Islamia University of Bahawalpur,Artificial Intelligence,2023,75.91,100,1262,Closed
Quaid-i-Azam University (QAU),Electrical Engineering,2020,90.64,120,1346,Closed
Institute of Space Technology (IST),Computer Science,2019,89.41,40,444,Closed
Bahria University,Computer Science,2015,81.63,40,374,Closed
Ghulam Ishaq Khan Institute (GIKI),Mechanical Engineering,2020,91.85,40,635,Closed
NED University of Engineering and Technology,Civil Engineering,2020,81.81,80,854,Closed
University of Management and Technology (UMT),Mathematics,2022,67.55,100,1299,Closed
Bahauddin Zakariya University (BZU) Multan,Mathematics,2017,68.08,100,1349,Closed
Bahria University,Mechanical Engineering,2018,75.24,40,351,Closed
University of Central Punjab (UCP),Chemical Engineering,2015,68.57,80,334,Closed
University of Gujrat,Chemical Engineering,2022,70.23,50,239,Closed
COMSATS University Islamabad,Artificial Intelligence,2016,85.55,40,348,Closed
Lahore University of Management Sciences (LUMS),Artificial Intelligence,2020,99.5,150,1605,Closed
Punjab University (PU),Business Administration,2020,82.11,40,563,Closed
NED University of Engineering and Technology,Mathematics,2021,82.04,50,853,Closed
University of Karachi,Electrical Engineering,2016,77.18,60,488,Closed
Superior University Lahore,Mechanical Engineering,2016,61.2,150,1934,Closed
University of Central Punjab (UCP),Artificial Intelligence,2023,81.53,120,980,Closed
University of Agriculture Faisalabad (UAF),Artificial Intelligence,2021,77.07,40,250,Closed
University of Agriculture Faisalabad (UAF),Biomedical Engineering,2016,71.27,80,1136,Closed
University of Engineering and Technology (UET) Taxila,Mathematics,2024,84.53,40,239,Closed
Riphah International University,Artificial Intelligence,2020,74.6,40,553,Closed
Punjab University (PU),Chemical Engineering,2021,84.86,120,2058,Closed
University of Karachi,Civil Engineering,2020,73.42,80,1081,Closed
Lahore University of Management Sciences (LUMS),Civil Engineering,2019,93.3,150,1722,Closed
Air University Islamabad,Electrical Engineering,2022,82.31,120,642,Closed
Riphah International University,Mechanical Engineering,2019,67.63,80,998,Closed
Ghulam Ishaq Khan Institute (GIKI),Mechanical Engineering,2022,91.8,150,2309,Closed
National University of Sciences and Technology (NUST),Electrical Engineering,2021,97.49,,1061,Closed
COMSATS University Islamabad,Business Administration,2022,77.39,100,1398,Closed
National University of Sciences and Technology (NUST),Mechanical Engineering,2019,95.16,150,1863,Closed
Mehran University of Engineering and Technology,Electrical Engineering,2017,77.77,150,1246,Closed
University of Central Punjab (UCP),Mechanical Engineering,2020,66.91,120,1651,Closed
Islamia University of Bahawalpur,Computer Science,2017,73.61,100,565,Closed
Superior University Lahore,Business Administration,2023,63.46,80,317,Closed
Institute of Space Technology (IST),Data Science,2024,93.01,80,1508,Closed
Bahria University,Computer Science,2020,84.41,80,616,Closed
University of Engineering and Technology (UET) Lahore,Electrical Engineering,2018,95.23,100,1282,Closed
Air University Islamabad,Software Engineering,2022,84.85,60,1036,Closed
Islamia University of Bahawalpur,Artificial Intelligence,2021,73.9,80,1035,Closed
Riphah International University,Mathematics,2015,66.19,80,1119,Closed
University of Sargodha,Computer Science,2015,70.89,150,1577,Closed
University of Central Punjab (UCP),Electrical Engineering,2022,75.2,40,521,Closed
University of Sargodha,Software Engineering,2023,75.04,40,241,Closed
University of Karachi,Artificial Intelligence,2016,79.57,50,245,Closed
University of Engineering and Technology (UET) Taxila,Biomedical Engineering,2021,87.47,150,2024,Closed
University of Gujrat,Chemical Engineering,2023,74.31,120,1414,Closed
COMSATS University Islamabad,Computer Science,2017,85.87,80,412,Closed
University of Gujrat,Business Administration,2022,67.42,80,1136,Closed
Islamia University of Bahawalpur,Electrical Engineering,2021,72.08,120,807,Closed
Bahauddin Zakariya University (BZU) Multan,Data Science,2023,79.46,50,693,Closed
University of the Punjab (Gujranwala Campus),Civil Engineering,2017,70.21,150,1714,Closed
Institute of Space Technology (IST),Economics,2019,84.56,80,1313,Closed
Islamia University of Bahawalpur,Business Administration,2019,65.23,50,485,Closed
Mehran University of Engineering and Technology,Data Science,2023,84.1,150,1124,Closed
University of the Punjab (Gujranwala Campus),Chemical Engineering,2019,73.65,60,294,Closed
Quaid-i-Azam University (QAU),Business Administration,2019,86.15,60,598,Closed
Bahauddin Zakariya University (BZU) Multan,Data Science,2016,75.01,40,547,Closed
University of the Punjab (Gujranwala Campus),Biomedical Engineering,2020,78.2,40,424,Closed
University of Engineering and Technology (UET) Lahore,Mechanical Engineering,2018,91.57,100,1844,Closed
COMSATS University Islamabad,Mathematics,2017,76.19,60,528,Closed
Riphah International University,Artificial Intelligence,2018,79.65,60,791,Closed
Bahria University,Mechanical Engineering,2024,81.3,40,406,Closed
Quaid-i-Azam University (QAU),Computer Science,2022,98.18,50,443,Closed
Bahria University,Civil Engineering,2021,78.87,50,662,Closed
University of Central Punjab (UCP),Biomedical Engineering,2022,72.54,100,754,Closed
University of the Punjab (Gujranwala Campus),Software Engineering,2015,73.81,40,384,Closed
Mehran University of Engineering and Technology,Business Administration,2024,78.28,80,1134,Closed
National University of Sciences and Technology (NUST),Artificial Intelligence,2020,99.5,120,1189,Closed
Air University Islamabad,Artificial Intelligence,2018,85.71,120,2005,Closed
Bahria University,Civil Engineering,2019,73.59,40,228,Closed
COMSATS University Islamabad,Computer Science,2022,86.43,100,1037,Closed
Superior University Lahore,Artificial Intelligence,2021,74.7,150,2236,Closed
COMSATS University Islamabad,Mechanical Engineering,2016,77.71,50,781,Closed
Lahore University of Management Sciences (LUMS),Computer Science,2017,99.5,80,1667,Closed
Mehran University of Engineering and Technology,Artificial Intelligence,2017,83.57,80,405,Closed
FAST National University,Data Science,2022,95.74,120,1521,Closed
University of Karachi,Software Engineering,2019,78.27,80,1095,Closed
University of the Punjab (Gujranwala Campus),Business Administration,2019,69.39,40,240,Closed
University of Central Punjab (UCP),Civil Engineering,2022,69.66,40,478,Closed
University of the Punjab (Gujranwala Campus),Economics,2024,77.08,50,566,Closed
FAST National University,Computer Science,2015,93.33,80,1016,Closed
University of Central Punjab (UCP),Business Administration,2024,70.46,100,1216,Closed
Islamia University of Bahawalpur,Mathematics,2019,64.87,80,579,Closed
Mehran University of Engineering and Technology,Electrical Engineering,2019,79.59,60,903,Closed
Air University Islamabad,Electrical Engineering,2018,82.09,100,601,Closed
University of Central Punjab (UCP),Software Engineering,2018,71.43,100,1191,Closed
University of Engineering and Technology (UET) Lahore,Chemical Engineering,2020,93.11,100,994,Closed
University of Central Punjab (UCP),Business Administration,2022,69.39,80,1073,Closed
University of Management and Technology (UMT),Mechanical Engineering,2020,68.62,150,608,Closed
University of Central Punjab (UCP),Data Science,2018,74.36,100,887,Closed
University of Sargodha,Software Engineering,2016,67.55,60,499,Closed
University of Gujrat,Biomedical Engineering,2021,71.13,100,1220,Closed
Bahria University,Mechanical Engineering,2016,75.08,50,451,Closed
Quaid-i-Azam University (QAU),Business Administration,2017,84.06,60,605,Closed
University of Gujrat,Electrical Engineering,2020,69.11,40,391,Closed
University of Gujrat,Mechanical Engineering,2017,68.24,50,649,Closed
University of Management and Technology (UMT),Civil Engineering,2017,66.63,150,1059,Closed
University of Management and Technology (UMT),Economics,2015,69.7,80,887,Closed
University of Gujrat,Biomedical Engineering,2016,70.68,40,281,Closed
Mehran University of Engineering and Technology,Electrical Engineering,2020,79.22,80,823,Closed
University of Engineering and Technology (UET) Lahore,Software Engineering,2024,97.68,100,1903,Closed
Bahria University,Chemical Engineering,2018,79.82,50,740,Closed
University of Karachi,Data Science,2017,81.26,50,358,Closed
Lahore University of Management Sciences (LUMS),Mathematics,2024,96.66,50,536,Closed
Bahria University,Mathematics,2015,73.12,150,703,Closed
Riphah International University,Mathematics,2022,68.03,120,729,Closed
Institute of Space Technology (IST),Mechanical Engineering,2016,80.95,40,261,Closed
University of Sargodha,Business Administration,2018,62.97,150,1556,Closed
NED University of Engineering and Technology,Chemical Engineering,2021,84.35,120,792,Closed
University of Engineering and Technology (UET) Lahore,Civil Engineering,2021,90.47,100,1336,Closed
Lahore University of Management Sciences (LUMS),Artificial Intelligence,2023,99.5,40,549,Closed
Punjab University (PU),Business Administration,2018,79.58,120,641,Closed
NED University of Engineering and Technology,Electrical Engineering,2015,86.53,50,533,Closed
Islamia University of Bahawalpur,Business Administration,2024,68.15,150,1028,Closed
Riphah International University,Mechanical Engineering,2018,71.04,80,564,Closed
Riphah International University,Mechanical Engineering,2024,72.91,50,772,Closed
University of Management and Technology (UMT),Biomedical Engineering,2020,72.57,50,581,Closed
Institute of Space Technology (IST),Economics,2022,83.36,50,444,Closed
University of Gujrat,Computer Science,2023,76.82,150,1449,Closed
Air University Islamabad,Mechanical Engineering,2019,79.83,50,318,Closed
Bahria University,Computer Science,2016,82.48,40,407,Closed
Riphah International University,Civil Engineering,2023,70.52,150,915,Closed
University of the Punjab (Gujranwala Campus),Electrical Engineering,2021,79.76,40,676,Closed
University of Agriculture Faisalabad (UAF),Business Administration,2019,67.84,100,1414,Closed
University of Management and Technology (UMT),Mathematics,2020,67.9,150,1933,Closed
University of Central Punjab (UCP),Mathematics,2024,72.01,100,1048,Closed
Institute of Space Technology (IST),Biomedical Engineering,2018,89.04,50,437,Closed
Institute of Space Technology (IST),Mechanical Engineering,2020,84.35,50,668,Closed
National University of Sciences and Technology (NUST),Software Engineering,2024,99.5,60,1232,Closed
Quaid-i-Azam University (QAU),Mathematics,2021,85.81,120,1669,Closed
University of Management and Technology (UMT),Chemical Engineering,2019,69.96,120,1042,Closed
Islamia University of Bahawalpur,Electrical Engineering,2017,69.45,120,1382,Closed
Bahria University,Data Science,2015,83.02,120,1391,Closed
National University of Sciences and Technology (NUST),Chemical Engineering,2023,94.12,60,1021,Closed
University of Engineering and Technology (UET) Taxila,Biomedical Engineering,2017,87.11,150,2199,Closed
NED University of Engineering and Technology,Electrical Engineering,2017,87.38,60,506,Closed
University of Management and Technology (UMT),Mathematics,2023,72.03,120,1031,Closed
Air University Islamabad,Computer Science,2017,86.89,150,1811,Closed
University of Karachi,Mechanical Engineering,2017,71.56,40,205,Closed
University of Karachi,Artificial Intelligence,2021,83.16,120,1011,Closed
University of Engineering and Technology (UET) Lahore,Mathematics,2015,88.3,40,243,Closed
University of Engineering and Technology (UET) Taxila,Artificial Intelligence,2015,90.28,120,2260,Closed
Mehran University of Engineering and Technology,Artificial Intelligence,2024,83.23,100,1548,Closed
NED University of Engineering and Technology,Electrical Engineering,2023,87.3,120,1484,Closed
Quaid-i-Azam University (QAU),Artificial Intelligence,2021,96.14,100,1859,Closed
Lahore University of Management Sciences (LUMS),Economics,2017,93.34,40,428,Closed
National University of Sciences and Technology (NUST),Artificial Intelligence,2015,99.5,40,725,Closed
University of Engineering and Technology (UET) Lahore,Mechanical Engineering,2024,,50,944,Closed
Superior University Lahore,Business Administration,2024,67.3,120,497,Closed
Lahore University of Management Sciences (LUMS),Chemical Engineering,2017,93.79,40,600,Closed
University of Karachi,Chemical Engineering,2017,76.93,150,1337,Closed
University of Engineering and Technology (UET) Taxila,Business Administration,2024,88.6,50,603,Closed
NED University of Engineering and Technology,Artificial Intelligence,2024,95.54,60,911,Closed
University of Central Punjab (UCP),Software Engineering,2021,73.15,50,402,Closed
Islamia University of Bahawalpur,Data Science,2023,75.14,50,494,Closed
University of Central Punjab (UCP),Mathematics,2016,63.99,150,999,Closed
Ghulam Ishaq Khan Institute (GIKI),Electrical Engineering,2017,93.41,150,1530,Closed
Ghulam Ishaq Khan Institute (GIKI),Mathematics,2020,91.61,150,1254,Closed
University of Engineering and Technology (UET) Taxila,Software Engineering,2021,89.12,120,1831,Closed
University of Sargodha,Software Engineering,2021,70.12,50,695,Closed
Punjab University (PU),Business Administration,2016,75.74,150,2056,Closed
Bahauddin Zakariya University (BZU) Multan,Software Engineering,2020,76.78,150,1137,Closed
Mehran University of Engineering and Technology,Business Administration,2016,74.05,40,276,Closed
Mehran University of Engineering and Technology,Mathematics,2021,78.08,120,1567,Closed
National University of Sciences and Technology (NUST),Civil Engineering,2023,93.85,120,994,Closed
University of Karachi,Data Science,2022,82.22,100,1655,Closed
University of Engineering and Technology (UET) Lahore,Economics,2021,91.33,40,551,Closed
University of Management and Technology (UMT),Biomedical Engineering,2017,72.05,60,652,Closed
Bahauddin Zakariya University (BZU) Multan,Computer Science,2019,76.66,40,428,Closed
University of Gujrat,Computer Science,2022,78.13,120,1098,Closed
Punjab University (PU),Mechanical Engineering,2019,82.9,60,699,Closed
Air University Islamabad,Computer Science,2019,86.9,150,2621,Closed
University of Management and Technology (UMT),Chemical Engineering,2022,74.08,100,981,Closed
Quaid-i-Azam University (QAU),Electrical Engineering,2024,90.86,120,2215,Closed
NED University of Engineering and Technology,Civil Engineering,2018,79.7,120,736,Closed
University of Agriculture Faisalabad (UAF),Chemical Engineering,2019,73.32,120,1118,Closed
Ghulam Ishaq Khan Institute (GIKI),Computer Science,2015,95.19,60,567,Closed
Islamia University of Bahawalpur,Mathematics,2016,66.7,80,358,Closed
Bahria University,Chemical Engineering,2018,79.82,50,740,Closed
Punjab University (PU),Biomedical Engineering,2019,82.7,50,760,Closed
COMSATS University Islamabad,Software Engineering,2017,80.9,50,714,Closed
FAST National University,Electrical Engineering,2022,89.66,50,511,Closed
University of Engineering and Technology (UET) Lahore,Software Engineering,2022,94.86,150,2548,Closed
Islamia University of Bahawalpur,Electrical Engineering,2015,69.79,80,620,Closed
Bahauddin Zakariya University (BZU) Multan,Artificial Intelligence,2022,83.15,150,802,Closed
Bahauddin Zakariya University (BZU) Multan,Mathematics,2023,71.38,120,899,Closed
University of Management and Technology (UMT),Chemical Engineering,2024,76.06,120,1947,Closed
Punjab University (PU),Artificial Intelligence,2018,86.12,60,449,Closed
University of Central Punjab (UCP),Business Administration,2023,68.09,80,1071,Closed
University of Karachi,Electrical Engineering,2020,76.28,100,1625,Closed
Riphah International University,Biomedical Engineering,2016,70.81,60,466,Closed
Lahore University of Management Sciences (LUMS),Electrical Engineering,2016,96.85,50,849,Closed
University of Sargodha,Computer Science,2024,74.45,80,481,Closed
Institute of Space Technology (IST),Software Engineering,2015,88.43,80,1038,Closed
University of Gujrat,Mathematics,2017,64.63,120,1069,Closed
COMSATS University Islamabad,Artificial Intelligence,2023,90.17,50,795,Closed
Riphah International University,Civil Engineering,2017,66.32,80,854,Closed
Bahauddin Zakariya University (BZU) Multan,Economics,2015,68.19,120,988,Closed
University of Gujrat,Artificial Intelligence,2016,75.3,150,1468,Closed
Riphah International University,Electrical Engineering,2015,70.12,40,195,Closed
University of Agriculture Faisalabad (UAF),Civil Engineering,2016,68.74,120,1053,Closed
Riphah International University,Economics,2015,65.68,60,466,Closed
Bahauddin Zakariya University (BZU) Multan,Biomedical Engineering,2023,77.55,50,274,Closed
Riphah International University,Mechanical Engineering,2020,69.8,80,400,Closed
University of Gujrat,Chemical Engineering,2024,72.56,120,1620,Closed
Air University Islamabad,Mechanical Engineering,2017,76.78,150,2322,Closed
Bahauddin Zakariya University (BZU) Multan,Electrical Engineering,2017,72.59,80,856,Closed
Riphah International University,Data Science,2022,74.95,100,1008,Closed
University of Management and Technology (UMT),Economics,2019,67.43,120,1668,Closed
University of Management and Technology (UMT),Civil Engineering,2020,70.94,150,1905,Closed
Ghulam Ishaq Khan Institute (GIKI),Software Engineering,2024,98.85,150,2098,Closed
University of the Punjab (Gujranwala Campus),Electrical Engineering,2022,75.47,50,671,Closed
National University of Sciences and Technology (NUST),Mathematics,2017,92.56,80,1369,Closed
University of Gujrat,Electrical Engineering,2022,71.4,100,726,Closed
University of Central Punjab (UCP),Artificial Intelligence,2020,78.05,50,417,Closed
University of Sargodha,Economics,2016,65.96,50,340,Closed
University of Engineering and Technology (UET) Taxila,Data Science,2019,91.71,50,454,Closed
University of Engineering and Technology (UET) Lahore,Computer Science,2022,95.33,150,1589,Closed
Bahria University,Artificial Intelligence,2021,87.07,100,1688,Closed
Institute of Space Technology (IST),Electrical Engineering,2021,86.65,100,1484,Closed
Bahria University,Chemical Engineering,2024,77.75,50,721,Closed
COMSATS University Islamabad,Data Science,2017,83.81,120,851,Closed
University of the Punjab (Gujranwala Campus),Civil Engineering,2019,70.11,60,280,Closed
Lahore University of Management Sciences (LUMS),Data Science,2022,99.5,60,983,Closed
Lahore University of Management Sciences (LUMS),Software Engineering,2021,97.07,50,764,Closed
University of Central Punjab (UCP),Biomedical Engineering,2024,71.93,120,1431,Closed
Air University Islamabad,Civil Engineering,2022,78.78,150,1502,Closed
University of the Punjab (Gujranwala Campus),Civil Engineering,2022,73.59,60,735,Closed
COMSATS University Islamabad,Electrical Engineering,2018,80.76,50,838,Closed
University of Management and Technology (UMT),Electrical Engineering,2024,76.1,150,1134,Closed
Quaid-i-Azam University (QAU),Business Administration,2021,85.29,120,676,Closed
Bahria University,Mathematics,2016,73.41,150,1347,Closed
Bahauddin Zakariya University (BZU) Multan,Data Science,2015,75.6,150,1764,Closed
FAST National University,Artificial Intelligence,2016,92.29,100,585,Closed
Air University Islamabad,Business Administration,2021,79.21,80,1251,Closed
National University of Sciences and Technology (NUST),Software Engineering,2023,99.5,150,1942,Closed
Air University Islamabad,Data Science,2020,87.48,50,574,Closed
Bahria University,Electrical Engineering,2015,78.12,150,2106,Closed
Bahauddin Zakariya University (BZU) Multan,Artificial Intelligence,2020,82.99,120,1198,Closed
Riphah International University,Biomedical Engineering,2019,73.24,40,289,Closed
University of Sargodha,Biomedical Engineering,2016,66.71,40,370,Closed
University of Engineering and Technology (UET) Taxila,Mechanical Engineering,2023,86.4,150,2002,Closed
Mehran University of Engineering and Technology,Mechanical Engineering,2016,74.82,100,1478,Closed
FAST National University,Computer Science,2017,90.56,120,1006,Closed
COMSATS University Islamabad,Mathematics,2016,75.75,100,471,Closed
University of Sargodha,Mathematics,2015,65.13,50,219,Closed
Islamia University of Bahawalpur,Business Administration,2016,66.06,80,483,Closed
University of Agriculture Faisalabad (UAF),Civil Engineering,2021,70.96,60,618,Closed
NED University of Engineering and Technology,Civil Engineering,2015,77.77,150,1394,Closed
FAST National University,Artificial Intelligence,2020,93.41,60,767,Closed
University of Central Punjab (UCP),Data Science,2019,76.21,100,1351,Closed
Lahore University of Management Sciences (LUMS),Chemical Engineering,2015,95.09,50,943,Closed
NED University of Engineering and Technology,Data Science,2023,91.73,100,696,Closed
University of Sargodha,Computer Science,2023,72.0,40,214,Closed
Mehran University of Engineering and Technology,Electrical Engineering,2023,78.9,60,816,Closed
COMSATS University Islamabad,Computer Science,2021,87.09,60,370,Closed
National University of Sciences and Technology (NUST),Business Administration,2019,93.52,80,1359,Closed
University of Engineering and Technology (UET) Lahore,Software Engineering,2017,96.9,80,781,Closed
University of Central Punjab (UCP),Artificial Intelligence,2022,81.42,60,619,Closed
Ghulam Ishaq Khan Institute (GIKI),Business Administration,2016,90.81,100,1502,Closed
National University of Sciences and Technology (NUST),Computer Science,2018,99.48,120,1236,Closed
Mehran University of Engineering and Technology,Mathematics,2019,75.12,80,1190,Closed
Ghulam Ishaq Khan Institute (GIKI),Mathematics,2017,90.79,120,867,Closed
University of Engineering and Technology (UET) Taxila,Software Engineering,2022,93.86,40,460,Closed
University of Engineering and Technology (UET) Lahore,Mathematics,2019,87.96,,1017,Closed
University of Sargodha,Biomedical Engineering,2019,70.6,120,1783,Closed
University of Karachi,Civil Engineering,2018,72.06,80,396,Closed
University of the Punjab (Gujranwala Campus),Electrical Engineering,2024,78.82,80,1222,Closed
Institute of Space Technology (IST),Mathematics,2017,79.37,100,1016,Closed
University of Central Punjab (UCP),Data Science,2021,77.36,80,515,Closed
University of Engineering and Technology (UET) Taxila,Artificial Intelligence,2016,91.39,120,809,Closed
National University of Sciences and Technology (NUST),Chemical Engineering,2018,95.84,120,836,Closed
Islamia University of Bahawalpur,Business Administration,2021,65.41,80,559,Closed
Punjab University (PU),Civil Engineering,2022,78.98,80,811,Closed
Riphah International University,Business Administration,2018,69.37,80,1057,Closed
Quaid-i-Azam University (QAU),Software Engineering,2020,92.1,120,1838,Closed
University of Gujrat,Chemical Engineering,2021,67.9,60,665,Closed
University of Sargodha,Civil Engineering,2024,65.15,150,1457,Closed
University of Sargodha,Biomedical Engineering,2020,70.02,60,890,Closed
Punjab University (PU),Chemical Engineering,2016,81.16,100,1012,Closed
National University of Sciences and Technology (NUST),Artificial Intelligence,2019,99.5,120,969,Closed
Bahria University,Chemical Engineering,2015,80.36,100,1289,Closed
Bahauddin Zakariya University (BZU) Multan,Civil Engineering,2023,72.34,50,732,Closed
University of Central Punjab (UCP),Electrical Engineering,2021,72.06,120,1002,Closed
University of Karachi,Artificial Intelligence,2024,84.54,120,1012,Closed
COMSATS University Islamabad,Electrical Engineering,2022,80.91,60,572,Closed
University of Engineering and Technology (UET) Lahore,Economics,2020,89.94,60,459,Closed
University of Sargodha,Artificial Intelligence,2017,73.24,60,539,Closed
Punjab University (PU),Biomedical Engineering,2024,88.2,80,480,Closed
National University of Sciences and Technology (NUST),Economics,2021,94.41,150,1939,Closed
Quaid-i-Azam University (QAU),Software Engineering,2017,89.15,40,522,Closed
NED University of Engineering and Technology,Mechanical Engineering,2022,82.77,40,254,Closed
University of Karachi,Data Science,2016,81.15,80,1066,Closed
National University of Sciences and Technology (NUST),Civil Engineering,2016,91.06,150,2835,Closed
Punjab University (PU),Software Engineering,2020,85.51,60,640,Closed
NED University of Engineering and Technology,Mechanical Engineering,2019,82.1,60,831,Closed
University of Central Punjab (UCP),Chemical Engineering,2019,71.54,40,399,Closed
COMSATS University Islamabad,Chemical Engineering,2022,81.66,120,2069,Closed
University of Gujrat,Electrical Engineering,2017,67.11,100,583,Closed
Ghulam Ishaq Khan Institute (GIKI),Computer Science,2018,98.4,100,864,Closed
Ghulam Ishaq Khan Institute (GIKI),Software Engineering,2020,97.54,50,472,Closed
University of Engineering and Technology (UET) Lahore,Computer Science,2016,97.4,100,689,Closed
Bahria University,Biomedical Engineering,2023,,80,1230,Closed
University of Agriculture Faisalabad (UAF),Chemical Engineering,2024,76.15,50,271,Closed
COMSATS University Islamabad,Electrical Engineering,2023,84.88,40,615,Closed
COMSATS University Islamabad,Artificial Intelligence,2015,86.87,100,1771,Closed
COMSATS University Islamabad,Artificial Intelligence,2022,85.34,40,348,Closed
Riphah International University,Software Engineering,2015,71.8,120,1124,Closed
Institute of Space Technology (IST),Biomedical Engineering,2016,87.5,50,264,Closed
National University of Sciences and Technology (NUST),Chemical Engineering,2017,95.01,80,799,Closed
Ghulam Ishaq Khan Institute (GIKI),Software Engineering,2018,96.1,60,1082,Closed
Quaid-i-Azam University (QAU),Business Administration,2020,86.31,60,1009,Closed
Air University Islamabad,Economics,2016,77.96,120,780,Closed
Riphah International University,Civil Engineering,2022,69.33,100,1276,Closed
University of Management and Technology (UMT),Artificial Intelligence,2023,77.05,50,302,Closed
Ghulam Ishaq Khan Institute (GIKI),Data Science,2020,153.45,120,1928,Closed
Air University Islamabad,Civil Engineering,2020,78.09,40,541,Closed
Bahria University,Artificial Intelligence,2015,85.3,150,2554,Closed
University of Sargodha,Artificial Intelligence,2018,74.05,50,228,Closed
Islamia University of Bahawalpur,Chemical Engineering,2021,69.14,100,1248,Closed
Lahore University of Management Sciences (LUMS),Mathematics,2016,93.9,50,721,Closed
University of Engineering and Technology (UET) Taxila,Mechanical Engineering,2020,87.07,100,1369,Closed
FAST National University,Computer Science,2019,92.73,100,929,Closed
University of Management and Technology (UMT),Civil Engineering,2022,67.62,50,480,Closed
Ghulam Ishaq Khan Institute (GIKI),Biomedical Engineering,2015,91.58,150,1126,Closed
Bahauddin Zakariya University (BZU) Multan,Business Administration,2021,69.24,50,587,Closed
University of Central Punjab (UCP),Business Administration,2016,67.19,60,280,Closed
COMSATS University Islamabad,Software Engineering,2019,83.75,100,1069,Closed
University of Management and Technology (UMT),Mathematics,2016,66.84,150,1962,Closed
Quaid-i-Azam University (QAU),Mechanical Engineering,2015,85.35,40,497,Closed
University of Central Punjab (UCP),Electrical Engineering,2019,69.67,60,643,Closed
University of Agriculture Faisalabad (UAF),Biomedical Engineering,2021,72.07,60,881,Closed
Islamia University of Bahawalpur,Biomedical Engineering,2018,71.78,80,584,Closed
University of Karachi,Biomedical Engineering,2018,76.66,80,1291,Closed
Quaid-i-Azam University (QAU),Chemical Engineering,2019,85.79,50,884,Closed
Institute of Space Technology (IST),Mathematics,2016,78.64,150,944,Closed
Superior University Lahore,Computer Science,2021,72.78,60,554,Closed
University of Central Punjab (UCP),Chemical Engineering,2024,71.1,150,2219,Closed
University of Gujrat,Economics,2023,73.01,100,1202,Closed
University of Karachi,Business Administration,2024,74.05,100,670,Closed
Islamia University of Bahawalpur,Mechanical Engineering,2015,63.21,80,443,Closed
Quaid-i-Azam University (QAU),Software Engineering,2016,92.38,40,296,Closed
Ghulam Ishaq Khan Institute (GIKI),Data Science,2019,95.7,150,2731,Closed
University of Gujrat,Mechanical Engineering,2015,65.89,150,899,Closed
Bahria University,Data Science,2024,84.44,60,464,Closed
University of Management and Technology (UMT),Computer Science,2020,79.03,60,678,Closed
COMSATS University Islamabad,Chemical Engineering,2018,82.51,50,589,Closed
Ghulam Ishaq Khan Institute (GIKI),Mathematics,2018,87.71,120,872,Closed
Superior University Lahore,Electrical Engineering,2018,67.51,60,242,Closed
University of Central Punjab (UCP),Mathematics,2019,66.72,100,815,Closed
Riphah International University,Chemical Engineering,2024,70.12,50,702,Closed
Bahria University,Mechanical Engineering,2017,75.01,50,465,Closed
Islamia University of Bahawalpur,Mathematics,2015,64.01,120,992,Closed
FAST National University,Data Science,2023,93.12,100,1550,Closed
NED University of Engineering and Technology,Mathematics,2019,84.81,150,2143,Closed
University of Sargodha,Business Administration,2017,61.44,150,768,Closed
Riphah International University,Artificial Intelligence,2021,77.22,40,278,Closed
Lahore University of Management Sciences (LUMS),Business Administration,2020,95.0,100,1365,Closed
Institute of Space Technology (IST),Mechanical Engineering,2018,81.89,120,1959,Closed
Ghulam Ishaq Khan Institute (GIKI),Mathematics,2016,87.73,150,2434,Closed
University of Karachi,Mathematics,2020,71.78,40,500,Closed
Punjab University (PU),Mechanical Engineering,2015,79.9,50,622,Closed
Institute of Space Technology (IST),Software Engineering,2023,86.73,40,507,Closed
University of Engineering and Technology (UET) Taxila,Electrical Engineering,2018,88.38,120,1547,Closed
Superior University Lahore,Software Engineering,2020,68.65,60,243,Closed
National University of Sciences and Technology (NUST),Mathematics,2023,91.61,120,1465,Closed
Lahore University of Management Sciences (LUMS),Data Science,2023,99.5,60,942,Closed
Islamia University of Bahawalpur,Economics,2018,67.53,80,691,Closed
Mehran University of Engineering and Technology,Mechanical Engineering,2024,76.82,50,257,Closed
University of Engineering and Technology (UET) Lahore,Mathematics,2017,88.89,80,548,Closed
Superior University Lahore,Mathematics,2022,63.59,40,492,Closed
University of Sargodha,Economics,2018,65.84,150,613,Closed
Mehran University of Engineering and Technology,Data Science,2016,81.04,60,642,Closed
University of Agriculture Faisalabad (UAF),Biomedical Engineering,2022,78.65,120,1699,Closed
University of Sargodha,Chemical Engineering,2021,67.86,150,1440,Closed
Air University Islamabad,Chemical Engineering,2020,81.27,100,823,Closed
Ghulam Ishaq Khan Institute (GIKI),Business Administration,2019,90.79,100,1287,Closed
University of Karachi,Software Engineering,2021,77.13,60,883,Closed
Islamia University of Bahawalpur,Biomedical Engineering,2023,71.47,50,378,Closed
Mehran University of Engineering and Technology,Economics,2024,76.63,40,428,Closed
University of Gujrat,Biomedical Engineering,2019,72.35,60,254,Closed
Bahria University,Artificial Intelligence,2018,85.73,40,285,Closed
Bahauddin Zakariya University (BZU) Multan,Artificial Intelligence,2018,77.59,80,934,Closed
Bahria University,Software Engineering,2017,80.74,80,770,Closed
University of Gujrat,Business Administration,2021,65.86,40,360,Closed
University of Agriculture Faisalabad (UAF),Business Administration,2016,68.38,150,1399,Closed
Lahore University of Management Sciences (LUMS),Computer Science,2016,98.96,40,674,Closed
Punjab University (PU),Mathematics,2021,77.89,120,1530,Closed
Islamia University of Bahawalpur,Mathematics,2020,68.11,80,836,Closed
University of Engineering and Technology (UET) Lahore,Business Administration,2020,89.05,50,859,Closed
University of Management and Technology (UMT),Economics,2022,74.01,50,404,Closed
Bahauddin Zakariya University (BZU) Multan,Business Administration,2018,69.17,120,1527,Closed
Ghulam Ishaq Khan Institute (GIKI),Business Administration,2024,89.12,60,1001,Closed
Mehran University of Engineering and Technology,Biomedical Engineering,2023,81.55,100,1700,Closed
National University of Sciences and Technology (NUST),Civil Engineering,2017,87.99,50,389,Closed
University of Central Punjab (UCP),Biomedical Engineering,2019,70.22,100,708,Closed
University of Karachi,Artificial Intelligence,2022,82.71,150,1854,Closed
Institute of Space Technology (IST),Data Science,2020,89.82,150,2371,Closed
University of the Punjab (Gujranwala Campus),Mechanical Engineering,2021,75.59,40,557,Closed
Mehran University of Engineering and Technology,Mechanical Engineering,2020,76.69,150,2400,Closed
Ghulam Ishaq Khan Institute (GIKI),Computer Science,2016,95.55,60,706,Closed
Lahore University of Management Sciences (LUMS),Mathematics,2022,93.24,150,899,Closed
Lahore University of Management Sciences (LUMS),Civil Engineering,2020,90.92,100,1352,Closed
Riphah International University,Data Science,2020,76.42,150,946,Closed
University of Gujrat,Artificial Intelligence,2023,77.44,150,2115,Closed
University of the Punjab (Gujranwala Campus),Electrical Engineering,2019,76.89,120,843,Closed
University of Management and Technology (UMT),Mathematics,2018,69.03,40,386,Closed
University of Agriculture Faisalabad (UAF),Data Science,2017,,150,1863,Closed
University of Central Punjab (UCP),Data Science,2023,77.36,80,441,Closed
University of Engineering and Technology (UET) Taxila,Data Science,2016,92.63,120,1364,Closed
University of Agriculture Faisalabad (UAF),Mathematics,2017,68.74,100,1212,Closed
University of Agriculture Faisalabad (UAF),Mechanical Engineering,2018,68.11,100,699,Closed
University of Management and Technology (UMT),Mathematics,2017,67.79,80,342,Closed
FAST National University,Computer Science,2021,94.56,50,397,Closed
University of Karachi,Biomedical Engineering,2015,76.42,40,235,Closed
National University of Sciences and Technology (NUST),Software Engineering,2015,94.97,150,1339,Closed
NED University of Engineering and Technology,Mechanical Engineering,2020,83.59,80,1202,Closed
Bahria University,Chemical Engineering,2017,78.38,120,917,Closed
Mehran University of Engineering and Technology,Computer Science,2016,81.09,80,812,Closed
University of Gujrat,Business Administration,2020,64.52,100,629,Closed
University of Management and Technology (UMT),Biomedical Engineering,2016,73.32,100,997,Closed
Islamia University of Bahawalpur,Biomedical Engineering,2019,70.82,40,364,Closed
Institute of Space Technology (IST),Business Administration,2022,81.63,80,1073,Closed
Bahauddin Zakariya University (BZU) Multan,Economics,2024,74.99,50,792,Closed
Mehran University of Engineering and Technology,Business Administration,2023,75.43,40,503,Closed
Air University Islamabad,Electrical Engineering,2017,80.77,50,404,Closed
COMSATS University Islamabad,Mathematics,2015,73.67,40,277,Closed
Ghulam Ishaq Khan Institute (GIKI),Biomedical Engineering,2019,94.41,120,942,Closed
Riphah International University,Civil Engineering,2024,69.33,100,678,Closed
Institute of Space Technology (IST),Electrical Engineering,2024,88.81,40,556,Closed
Quaid-i-Azam University (QAU),Computer Science,2018,91.45,150,820,Closed
COMSATS University Islamabad,Business Administration,2017,77.21,100,995,Closed
University of Management and Technology (UMT),Civil Engineering,2015,69.01,50,318,Closed
Islamia University of Bahawalpur,Mechanical Engineering,2018,65.62,100,628,Closed
Bahria University,Economics,2023,80.16,60,379,Closed
Lahore University of Management Sciences (LUMS),Artificial Intelligence,2019,99.5,50,389,Closed
FAST National University,Data Science,2019,92.49,100,1080,Closed
University of Agriculture Faisalabad (UAF),Artificial Intelligence,2022,81.94,40,503,Closed
University of Central Punjab (UCP),Mathematics,2021,69.52,40,370,Closed
Mehran University of Engineering and Technology,Business Administration,2020,75.88,150,860,Closed
Bahauddin Zakariya University (BZU) Multan,Economics,2020,70.43,60,730,Closed
Quaid-i-Azam University (QAU),Electrical Engineering,2015,86.86,40,483,Closed
University of Central Punjab (UCP),Data Science,2017,74.53,150,2180,Closed
Superior University Lahore,Business Administration,2016,127.37,80,1002,Closed
University of Karachi,Mechanical Engineering,2019,73.93,40,434,Closed
Lahore University of Management Sciences (LUMS),Software Engineering,2023,99.5,120,1179,Closed
FAST National University,Software Engineering,2024,94.36,50,872,Closed
University of Engineering and Technology (UET) Lahore,Electrical Engineering,2017,92.61,100,1110,Closed
University of Sargodha,Data Science,2015,70.59,40,213,Closed
Superior University Lahore,Electrical Engineering,2020,67.71,40,253,Closed
NED University of Engineering and Technology,Mechanical Engineering,2017,82.21,120,1513,Closed
FAST National University,Business Administration,2023,83.7,100,928,Closed
Mehran University of Engineering and Technology,Business Administration,2017,71.69,50,499,Closed
University of Karachi,Biomedical Engineering,2020,79.53,60,691,Closed
University of Gujrat,Mechanical Engineering,2019,66.55,80,912,Closed
University of Engineering and Technology (UET) Taxila,Software Engineering,2020,124.79,80,1148,Closed
National University of Sciences and Technology (NUST),Biomedical Engineering,2016,97.64,100,1707,Closed
National University of Sciences and Technology (NUST),Computer Science,2017,98.02,60,804,Closed
University of Engineering and Technology (UET) Taxila,Computer Science,2019,90.14,40,586,Closed
Bahria University,Mechanical Engineering,2021,76.57,60,943,Closed
NED University of Engineering and Technology,Mathematics,2020,82.43,40,568,Closed
COMSATS University Islamabad,Electrical Engineering,2017,82.38,100,1314,Closed
FAST National University,Data Science,2021,91.62,120,764,Closed
Institute of Space Technology (IST),Biomedical Engineering,2021,85.0,100,1066,Closed
National University of Sciences and Technology (NUST),Business Administration,2017,91.88,50,324,Closed
University of Engineering and Technology (UET) Lahore,Computer Science,2023,95.87,80,1084,Closed
University of Gujrat,Artificial Intelligence,2018,73.05,40,223,Closed
COMSATS University Islamabad,Civil Engineering,2020,76.18,50,402,Closed
University of Management and Technology (UMT),Mechanical Engineering,2019,72.08,40,268,Closed
Superior University Lahore,Electrical Engineering,2023,67.53,50,392,Closed
Superior University Lahore,Software Engineering,2024,69.94,150,1537,Closed
Bahria University,Biomedical Engineering,2024,82.49,50,271,Closed
Superior University Lahore,Mathematics,2017,64.02,100,797,Closed
University of Management and Technology (UMT),Business Administration,2017,68.05,120,1360,Closed
University of Karachi,Software Engineering,2020,79.38,120,1209,Closed
University of Engineering and Technology (UET) Taxila,Mechanical Engineering,2021,86.61,120,1690,Closed
Bahria University,Biomedical Engineering,2015,78.22,80,598,Closed
NED University of Engineering and Technology,Biomedical Engineering,2022,88.15,40,664,Closed
COMSATS University Islamabad,Business Administration,2016,75.14,60,343,Closed
University of Karachi,Artificial Intelligence,2017,78.34,120,1925,Closed
University of Engineering and Technology (UET) Lahore,Chemical Engineering,2019,93.02,40,574,Closed
University of the Punjab (Gujranwala Campus),Mechanical Engineering,2019,72.52,80,1082,Closed
University of Engineering and Technology (UET) Taxila,Mechanical Engineering,2022,86.36,40,640,Closed
FAST National University,Software Engineering,2021,89.61,100,661,Closed
University of the Punjab (Gujranwala Campus),Electrical Engineering,2023,80.35,120,2011,Closed
Air University Islamabad,Business Administration,2023,80.29,80,755,Closed
Mehran University of Engineering and Technology,Data Science,2018,80.97,40,546,Closed
University of the Punjab (Gujranwala Campus),Business Administration,2015,69.56,80,805,Closed
University of Agriculture Faisalabad (UAF),Data Science,2020,75.22,100,1610,Closed
Ghulam Ishaq Khan Institute (GIKI),Mathematics,2015,90.53,40,385,Closed
Quaid-i-Azam University (QAU),Chemical Engineering,2016,85.27,80,1213,Closed
University of the Punjab (Gujranwala Campus),Mathematics,2016,68.46,150,1737,Closed
University of Management and Technology (UMT),Computer Science,2015,74.53,100,1022,Closed
Lahore University of Management Sciences (LUMS),Chemical Engineering,2023,94.84,50,823,Closed
University of Agriculture Faisalabad (UAF),Mathematics,2019,68.64,80,481,Closed
Punjab University (PU),Mathematics,2023,80.52,50,420,Closed
NED University of Engineering and Technology,Data Science,2024,91.09,40,540,Closed
University of Engineering and Technology (UET) Lahore,Biomedical Engineering,2020,94.26,60,573,Closed
University of Central Punjab (UCP),Chemical Engineering,2016,71.34,50,698,Closed
University of Engineering and Technology (UET) Taxila,Computer Science,2015,88.91,150,984,Closed
University of Sargodha,Mechanical Engineering,2016,66.48,50,544,Closed
University of Management and Technology (UMT),Civil Engineering,2019,67.63,100,644,Closed
Bahria University,Computer Science,2023,81.94,80,712,Closed
NED University of Engineering and Technology,Business Administration,2019,80.23,80,1100,Closed
National University of Sciences and Technology (NUST),Chemical Engineering,2024,98.69,50,611,Closed
Air University Islamabad,Business Administration,2016,77.55,120,785,Closed
NED University of Engineering and Technology,Biomedical Engineering,2015,84.3,100,687,Closed
Institute of Space Technology (IST),Business Administration,2018,82.76,150,2169,Closed
Institute of Space Technology (IST),Computer Science,2021,90.31,100,636,Closed
NED University of Engineering and Technology,Computer Science,2016,87.83,40,586,Closed
University of Karachi,Civil Engineering,2022,74.81,40,629,Closed
Quaid-i-Azam University (QAU),Mathematics,2024,91.15,80,1407,Closed
COMSATS University Islamabad,Business Administration,2020,78.29,50,574,Closed
University of Central Punjab (UCP),Electrical Engineering,2016,69.09,80,596,Closed
Lahore University of Management Sciences (LUMS),Civil Engineering,2022,91.3,100,1784,Closed
Mehran University of Engineering and Technology,Business Administration,2021,73.35,100,1040,Closed
Punjab University (PU),Business Administration,2022,79.89,80,1216,Closed
University of the Punjab (Gujranwala Campus),Chemical Engineering,2016,73.7,150,2102,Closed
NED University of Engineering and Technology,Artificial Intelligence,2023,93.53,150,2807,Closed
Riphah International University,Biomedical Engineering,2024,71.7,40,487,Closed
Bahauddin Zakariya University (BZU) Multan,Civil Engineering,2024,67.71,120,488,Closed
National University of Sciences and Technology (NUST),Computer Science,2024,99.5,40,404,Closed
Institute of Space Technology (IST),Software Engineering,2018,85.68,60,587,Closed
Riphah International University,Business Administration,2015,66.73,80,700,Closed
Air University Islamabad,Artificial Intelligence,2024,90.61,150,843,Closed
Ghulam Ishaq Khan Institute (GIKI),Electrical Engineering,2015,94.34,120,1829,Closed
University of Karachi,Economics,2023,74.62,120,1350,Closed
University of Central Punjab (UCP),Biomedical Engineering,2023,73.26,80,1250,Closed
University of Engineering and Technology (UET) Taxila,Electrical Engineering,2017,85.61,120,1988,Closed
Islamia University of Bahawalpur,Software Engineering,2018,69.8,100,679,Closed
FAST National University,Software Engineering,2020,92.91,60,1172,Closed
University of Agriculture Faisalabad (UAF),Data Science,2019,75.41,40,359,Closed
Mehran University of Engineering and Technology,Mathematics,2020,75.6,60,307,Closed
Air University Islamabad,Chemical Engineering,2016,79.44,150,1736,Closed
Air University Islamabad,Economics,2023,79.36,100,1248,Closed
COMSATS University Islamabad,Business Administration,2015,78.2,100,1095,Closed
Bahauddin Zakariya University (BZU) Multan,Electrical Engineering,2019,75.47,150,2043,Closed
COMSATS University Islamabad,Artificial Intelligence,2018,88.27,50,818,Closed
National University of Sciences and Technology (NUST),Chemical Engineering,2020,153.41,40,305,Closed
Superior University Lahore,Data Science,2023,73.22,50,363,Closed
National University of Sciences and Technology (NUST),Chemical Engineering,2015,93.58,100,1697,Closed
Bahria University,Data Science,2021,85.36,60,553,Closed
National University of Sciences and Technology (NUST),Data Science,2021,99.5,50,1039,Closed
Quaid-i-Azam University (QAU),Mechanical Engineering,2016,83.23,60,358,Closed
Riphah International University,Biomedical Engineering,2023,76.71,120,1049,Closed
Riphah International University,Biomedical Engineering,2021,74.58,80,1078,Closed
University of Management and Technology (UMT),Computer Science,2023,78.86,100,805,Closed
Superior University Lahore,Artificial Intelligence,2024,74.53,60,351,Closed
Air University Islamabad,Computer Science,2016,87.52,80,1262,Closed
University of Sargodha,Artificial Intelligence,2015,70.62,150,609,Closed
COMSATS University Islamabad,Mechanical Engineering,2019,77.9,50,632,Closed
Lahore University of Management Sciences (LUMS),Electrical Engineering,2023,98.98,150,1895,Closed
University of Agriculture Faisalabad (UAF),Computer Science,2022,80.2,150,1185,Closed
Bahauddin Zakariya University (BZU) Multan,Electrical Engineering,2021,75.54,60,496,Closed
University of Gujrat,Mechanical Engineering,2018,66.34,120,520,Closed
Riphah International University,Business Administration,2015,66.73,80,700,Closed
Riphah International University,Data Science,2019,78.99,120,1513,Closed
COMSATS University Islamabad,Mechanical Engineering,2018,80.44,60,699,Closed
Air University Islamabad,Software Engineering,2018,82.94,60,1006,Closed
University of the Punjab (Gujranwala Campus),Civil Engineering,2021,71.03,60,874,Closed
Punjab University (PU),Biomedical Engineering,2017,83.43,50,668,Closed
Bahauddin Zakariya University (BZU) Multan,Computer Science,2022,81.89,50,845,Closed
Bahria University,Chemical Engineering,2016,80.74,100,596,Closed
National University of Sciences and Technology (NUST),Mechanical Engineering,2018,90.68,60,882,Closed
Bahria University,Civil Engineering,2020,74.52,100,1559,Closed
University of Sargodha,Mechanical Engineering,2020,62.99,100,1200,Closed
University of Central Punjab (UCP),Software Engineering,2016,74.23,40,465,Closed
University of Engineering and Technology (UET) Lahore,Electrical Engineering,2024,93.48,80,431,Closed
University of Sargodha,Mathematics,2022,66.26,50,204,Closed
University of Management and Technology (UMT),Artificial Intelligence,2015,79.42,80,854,Closed
Air University Islamabad,Software Engineering,2023,87.14,40,381,Closed
Quaid-i-Azam University (QAU),Computer Science,2015,92.16,150,1289,Closed
Ghulam Ishaq Khan Institute (GIKI),Data Science,2016,96.81,40,606,Closed
University of Management and Technology (UMT),Biomedical Engineering,2015,72.41,120,986,Closed
Bahauddin Zakariya University (BZU) Multan,Civil Engineering,2022,71.23,120,1657,Closed
NED University of Engineering and Technology,Business Administration,2024,82.49,50,816,Closed
Mehran University of Engineering and Technology,Biomedical Engineering,2019,81.37,150,1463,Closed
National University of Sciences and Technology (NUST),Biomedical Engineering,2024,98.03,100,1231,Closed
Institute of Space Technology (IST),Data Science,2021,91.5,50,919,Closed
National University of Sciences and Technology (NUST),Electrical Engineering,2022,96.51,80,945,Closed
Bahria University,Software Engineering,2023,83.14,80,1383,Closed
Quaid-i-Azam University (QAU),Software Engineering,2023,94.97,80,1095,Closed
University of Sargodha,Mechanical Engineering,2016,66.48,50,544,Closed
University of Sargodha,Computer Science,2022,72.84,80,412,Closed
National University of Sciences and Technology (NUST),Business Administration,2024,91.23,100,1884,Closed
University of Sargodha,Artificial Intelligence,2023,71.58,60,556,Closed
University of Karachi,Civil Engineering,2016,69.02,50,247,Closed
University of Gujrat,Computer Science,2017,76.15,150,1155,Closed
Bahauddin Zakariya University (BZU) Multan,Mathematics,2019,70.14,80,743,Closed
Institute of Space Technology (IST),Software Engineering,2021,89.51,80,1314,Closed
University of Sargodha,Chemical Engineering,2023,70.14,120,1260,Closed
National University of Sciences and Technology (NUST),Economics,2017,94.6,60,778,Closed
University of Central Punjab (UCP),Mathematics,2023,68.47,100,1010,Closed
University of Karachi,Chemical Engineering,2019,77.32,150,1915,Closed
COMSATS University Islamabad,Mechanical Engineering,2020,80.81,120,1944,Closed
University of Sargodha,Civil Engineering,2022,65.85,150,1984,Closed
University of Gujrat,Computer Science,2024,74.09,60,315,Closed
University of Engineering and Technology (UET) Taxila,Artificial Intelligence,2019,93.58,50,603,Closed
Superior University Lahore,Computer Science,2019,70.4,120,546,Closed
National University of Sciences and Technology (NUST),Software Engineering,2022,99.5,100,958,Closed
Air University Islamabad,Business Administration,2020,80.53,50,283,Closed
University of the Punjab (Gujranwala Campus),Software Engineering,2023,77.8,40,583,Closed
University of Engineering and Technology (UET) Lahore,Mathematics,2024,94.4,60,465,Closed
Bahauddin Zakariya University (BZU) Multan,Economics,2018,68.56,80,962,Closed
University of Engineering and Technology (UET) Taxila,Data Science,2015,88.08,60,768,Closed
University of the Punjab (Gujranwala Campus),Data Science,2018,77.79,40,452,Closed
University of Engineering and Technology (UET) Lahore,Chemical Engineering,2023,97.72,40,504,Closed
University of the Punjab (Gujranwala Campus),Business Administration,2024,73.68,50,530,Closed
Quaid-i-Azam University (QAU),Mathematics,2019,88.34,80,797,Closed
University of Gujrat,Economics,2015,63.88,50,656,Closed
University of Gujrat,Computer Science,2015,71.35,120,1430,Closed
Superior University Lahore,Mechanical Engineering,2015,62.14,60,399,Closed
University of Karachi,Artificial Intelligence,2020,83.96,50,404,Closed
Ghulam Ishaq Khan Institute (GIKI),Business Administration,2017,90.63,80,603,Closed
University of Karachi,Mathematics,2018,73.54,50,249,Closed
University of Central Punjab (UCP),Mechanical Engineering,2022,71.95,40,296,Closed
Bahria University,Biomedical Engineering,2022,82.56,120,698,Closed
University of Gujrat,Biomedical Engineering,2018,70.63,60,760,Closed
Superior University Lahore,Economics,2023,66.15,100,1404,Closed
University of Karachi,Biomedical Engineering,2022,77.11,80,410,Closed
University of Karachi,Chemical Engineering,2021,78.67,100,1672,Closed
Bahria University,Electrical Engineering,2021,82.52,50,636,Closed
COMSATS University Islamabad,Civil Engineering,2021,77.93,150,1024,Closed
University of Management and Technology (UMT),Business Administration,2021,69.75,120,1201,Closed
Air University Islamabad,Civil Engineering,2019,78.7,60,673,Closed
COMSATS University Islamabad,Data Science,2016,85.67,60,401,Closed
NED University of Engineering and Technology,Computer Science,2021,91.47,60,628,Closed
FAST National University,Computer Science,2022,96.03,60,1092,Closed
University of Central Punjab (UCP),Chemical Engineering,2018,71.62,40,204,Closed
Ghulam Ishaq Khan Institute (GIKI),Mathematics,2023,91.82,50,661,Closed
University of Engineering and Technology (UET) Taxila,Mechanical Engineering,2019,83.35,100,1195,Closed
University of Management and Technology (UMT),Civil Engineering,2023,71.46,40,590,Closed
University of Engineering and Technology (UET) Lahore,Business Administration,2016,86.59,50,436,Closed
University of Sargodha,Civil Engineering,2017,64.09,80,879,Closed
University of Management and Technology (UMT),Computer Science,2018,77.59,100,1527,Closed
University of Karachi,Data Science,2023,81.06,40,424,Closed
University of Karachi,Mechanical Engineering,2020,73.98,80,928,Closed
Punjab University (PU),Electrical Engineering,2021,84.75,150,2213,Closed
University of the Punjab (Gujranwala Campus),Software Engineering,2018,79.03,80,513,Closed
Air University Islamabad,Software Engineering,2021,85.38,80,806,Closed
Lahore University of Management Sciences (LUMS),Mathematics,2019,95.49,100,831,Closed
Bahria University,Software Engineering,2018,81.5,50,576,Closed
Lahore University of Management Sciences (LUMS),Biomedical Engineering,2020,98.51,150,2827,Closed
Punjab University (PU),Chemical Engineering,2017,80.09,120,1532,Closed
University of the Punjab (Gujranwala Campus),Data Science,2023,84.49,120,1757,Closed
University of Agriculture Faisalabad (UAF),Computer Science,2018,77.3,150,2081,Closed
University of Sargodha,Artificial Intelligence,2016,74.55,150,1757,Closed
University of Gujrat,Business Administration,2016,66.48,150,1591,Closed
University of Agriculture Faisalabad (UAF),Mathematics,2015,68.75,150,2110,Closed
University of Agriculture Faisalabad (UAF),Artificial Intelligence,2020,128.71,100,671,Closed
NED University of Engineering and Technology,Economics,2020,84.85,100,805,Closed
Quaid-i-Azam University (QAU),Business Administration,2023,87.22,50,639,Closed
University of Management and Technology (UMT),Electrical Engineering,2022,,80,1175,Closed
University of Engineering and Technology (UET) Taxila,Business Administration,2016,80.62,80,1034,Closed
University of Management and Technology (UMT),Biomedical Engineering,2024,74.4,120,1488,Closed
University of Management and Technology (UMT),Chemical Engineering,2017,71.2,40,584,Closed
University of Karachi,Biomedical Engineering,2024,78.53,150,1766,Closed
University of Agriculture Faisalabad (UAF),Computer Science,2023,78.61,80,1040,Closed
Quaid-i-Azam University (QAU),Computer Science,2019,95.89,40,255,Closed
University of Central Punjab (UCP),Data Science,2016,75.1,120,1629,Closed
Superior University Lahore,Mathematics,2020,66.81,150,730,Closed
Ghulam Ishaq Khan Institute (GIKI),Computer Science,2024,99.5,100,1791,Closed
Islamia University of Bahawalpur,Biomedical Engineering,2020,68.13,60,785,Closed
University of Central Punjab (UCP),Artificial Intelligence,2017,76.37,100,1527,Closed
University of Central Punjab (UCP),Biomedical Engineering,2021,73.07,40,233,Closed
Lahore University of Management Sciences (LUMS),Mathematics,2015,90.34,150,1111,Closed
Mehran University of Engineering and Technology,Electrical Engineering,2022,77.99,60,898,Closed
University of Sargodha,Data Science,2017,73.21,100,1020,Closed
Superior University Lahore,Electrical Engineering,2019,67.99,100,1072,Closed
National University of Sciences and Technology (NUST),Artificial Intelligence,2024,99.5,80,875,Closed
Air University Islamabad,Chemical Engineering,2018,80.29,120,1495,Closed
Quaid-i-Azam University (QAU),Chemical Engineering,2024,88.84,40,356,Closed
University of Engineering and Technology (UET) Taxila,Business Administration,2018,84.23,50,421,Closed
COMSATS University Islamabad,Software Engineering,2022,82.98,60,907,Closed
Institute of Space Technology (IST),Chemical Engineering,2022,88.19,120,1287,Closed
Punjab University (PU),Biomedical Engineering,2015,85.21,80,1319,Closed
University of Gujrat,Computer Science,2021,76.47,120,1019,Closed
University of Karachi,Economics,2020,72.82,100,1216,Closed
Quaid-i-Azam University (QAU),Software Engineering,2018,89.8,50,588,Closed
University of Engineering and Technology (UET) Lahore,Computer Science,2020,99.5,50,830,Closed
COMSATS University Islamabad,Electrical Engineering,2019,82.97,150,1382,Closed
University of Central Punjab (UCP),Economics,2016,66.21,50,189,Closed
University of Sargodha,Business Administration,2023,63.44,100,974,Closed
University of Karachi,Artificial Intelligence,2023,,120,1289,Closed
University of Central Punjab (UCP),Artificial Intelligence,2019,79.37,60,322,Closed
NED University of Engineering and Technology,Chemical Engineering,2017,86.47,40,230,Closed
University of Agriculture Faisalabad (UAF),Artificial Intelligence,2016,79.22,100,1005,Closed
University of Sargodha,Data Science,2021,73.07,150,818,Closed
University of Management and Technology (UMT),Biomedical Engineering,2019,75.53,150,1687,Closed
NED University of Engineering and Technology,Data Science,2017,89.13,150,961,Closed
Mehran University of Engineering and Technology,Civil Engineering,2024,74.51,50,305,Closed
Punjab University (PU),Mechanical Engineering,2024,83.69,100,959,Closed
Bahauddin Zakariya University (BZU) Multan,Computer Science,2023,81.54,40,230,Closed
University of Central Punjab (UCP),Business Administration,2018,66.78,150,1182,Closed
University of Karachi,Electrical Engineering,2023,79.03,120,800,Closed
Institute of Space Technology (IST),Chemical Engineering,2023,87.34,150,2262,Closed
University of Karachi,Computer Science,2022,83.0,80,811,Closed
FAST National University,Software Engineering,2018,88.67,80,945,Closed
University of Karachi,Mathematics,2019,73.29,150,1625,Closed
Superior University Lahore,Mathematics,2021,65.13,120,1472,Closed
NED University of Engineering and Technology,Chemical Engineering,2018,86.33,150,958,Closed
University of Sargodha,Electrical Engineering,2023,70.76,60,558,Closed
COMSATS University Islamabad,Mathematics,2019,76.06,40,186,Closed
University of Gujrat,Artificial Intelligence,2024,77.66,40,369,Closed
Superior University Lahore,Computer Science,2018,69.43,120,521,Closed
University of Karachi,Artificial Intelligence,2019,80.56,120,1781,Closed
Air University Islamabad,Software Engineering,2016,82.6,40,592,Closed
University of Management and Technology (UMT),Artificial Intelligence,2017,76.0,150,1582,Closed
Quaid-i-Azam University (QAU),Chemical Engineering,2023,89.58,80,713,Closed
NED University of Engineering and Technology,Business Administration,2021,84.46,80,1445,Closed
Lahore University of Management Sciences (LUMS),Data Science,2017,99.5,60,1009,Closed
Air University Islamabad,Civil Engineering,2023,77.84,100,577,Closed
University of the Punjab (Gujranwala Campus),Data Science,2017,79.03,150,1273,Closed
Bahria University,Mechanical Engineering,2015,74.41,150,1674,Closed
University of Engineering and Technology (UET) Lahore,Electrical Engineering,2023,97.64,150,2312,Closed
Ghulam Ishaq Khan Institute (GIKI),Mathematics,2021,90.52,40,542,Closed
FAST National University,Artificial Intelligence,2017,93.4,150,1843,Closed
Superior University Lahore,Data Science,2021,70.97,80,995,Closed
University of Management and Technology (UMT),Computer Science,2022,76.47,50,242,Closed
Bahria University,Electrical Engineering,2023,85.78,50,694,Closed
University of Sargodha,Mathematics,2017,62.33,80,853,Closed
University of Karachi,Business Administration,2021,71.84,50,645,Closed
University of Engineering and Technology (UET) Taxila,Mechanical Engineering,2024,87.05,120,1339,Closed
National University of Sciences and Technology (NUST),Electrical Engineering,2020,98.47,40,310,Closed
National University of Sciences and Technology (NUST),Biomedical Engineering,2018,96.37,60,785,Closed
Ghulam Ishaq Khan Institute (GIKI),Business Administration,2022,91.73,80,1478,Closed
University of Gujrat,Artificial Intelligence,2017,74.45,120,1427,Closed
Institute of Space Technology (IST),Electrical Engineering,2019,87.29,120,2142,Closed
National University of Sciences and Technology (NUST),Biomedical Engineering,2017,95.76,40,500,Closed
COMSATS University Islamabad,Chemical Engineering,2023,81.49,120,1182,Closed
COMSATS University Islamabad,Business Administration,2019,167.65,120,747,Closed
Ghulam Ishaq Khan Institute (GIKI),Electrical Engineering,2023,95.79,60,638,Closed
Riphah International University,Mathematics,2019,68.95,120,1383,Closed
University of Sargodha,Civil Engineering,2023,65.58,60,567,Closed
Islamia University of Bahawalpur,Software Engineering,2017,68.67,150,1949,Closed
University of Agriculture Faisalabad (UAF),Chemical Engineering,2020,74.39,80,1113,Closed
COMSATS University Islamabad,Civil Engineering,2022,78.54,80,814,Closed
Lahore University of Management Sciences (LUMS),Artificial Intelligence,2017,99.5,60,1107,Closed
Institute of Space Technology (IST),Business Administration,2016,80.63,80,1265,Closed
University of Karachi,Economics,2019,70.37,60,399,Closed
University of Engineering and Technology (UET) Taxila,Business Administration,2015,84.05,120,1493,Closed
Mehran University of Engineering and Technology,Artificial Intelligence,2018,82.88,50,324,Closed
COMSATS University Islamabad,Software Engineering,2021,86.13,60,417,Closed
Punjab University (PU),Artificial Intelligence,2022,89.59,50,668,Closed
Ghulam Ishaq Khan Institute (GIKI),Business Administration,2021,92.54,120,2057,Closed
University of Agriculture Faisalabad (UAF),Biomedical Engineering,2015,74.09,50,782,Closed
University of Engineering and Technology (UET) Taxila,Electrical Engineering,2022,89.15,100,585,Closed
University of Engineering and Technology (UET) Taxila,Artificial Intelligence,2021,92.69,120,1664,Closed
University of the Punjab (Gujranwala Campus),Software Engineering,2019,78.47,80,1051,Closed
Air University Islamabad,Data Science,2023,88.83,80,913,Closed
Institute of Space Technology (IST),Chemical Engineering,2015,85.09,40,635,Closed
Islamia University of Bahawalpur,Mechanical Engineering,2019,64.33,60,772,Closed
Islamia University of Bahawalpur,Mathematics,2024,67.45,50,337,Closed
COMSATS University Islamabad,Mathematics,2023,75.56,50,749,Closed
Air University Islamabad,Computer Science,2023,90.57,120,2086,Closed
Bahauddin Zakariya University (BZU) Multan,Electrical Engineering,2015,70.59,80,454,Closed
Bahauddin Zakariya University (BZU) Multan,Biomedical Engineering,2019,73.1,120,1285,Closed
Institute of Space Technology (IST),Data Science,2017,89.34,120,1223,Closed
NED University of Engineering and Technology,Electrical Engineering,2019,87.28,80,1319,Closed
University of Management and Technology (UMT),Business Administration,2016,67.11,40,191,Closed
University of Central Punjab (UCP),Computer Science,2024,80.62,60,540,Closed
Ghulam Ishaq Khan Institute (GIKI),Artificial Intelligence,2015,98.31,120,1591,Closed
University of Karachi,Chemical Engineering,2020,74.08,50,633,Closed
University of Karachi,Data Science,2018,80.53,60,595,Closed
Islamia University of Bahawalpur,Computer Science,2024,75.01,80,1172,Closed
Lahore University of Management Sciences (LUMS),Biomedical Engineering,2016,98.73,60,684,Closed
Punjab University (PU),Electrical Engineering,2015,80.94,100,663,Closed
University of the Punjab (Gujranwala Campus),Economics,2022,75.35,150,1330,Closed
University of Engineering and Technology (UET) Lahore,Software Engineering,2023,93.69,60,675,Closed
University of Karachi,Data Science,2015,80.08,150,2309,Closed
Superior University Lahore,Software Engineering,2017,70.34,60,613,Closed
Mehran University of Engineering and Technology,Mathematics,2015,70.86,60,470,Closed
Punjab University (PU),Business Administration,2021,82.15,60,636,Closed
University of Engineering and Technology (UET) Taxila,Chemical Engineering,2022,90.26,40,420,Closed
University of Karachi,Biomedical Engineering,2017,76.41,40,425,Closed
University of Sargodha,Data Science,2023,74.05,100,1113,Closed
COMSATS University Islamabad,Electrical Engineering,2024,81.8,40,473,Closed
University of Engineering and Technology (UET) Taxila,Mathematics,2019,82.64,150,1756,Closed
Lahore University of Management Sciences (LUMS),Business Administration,2023,97.67,50,936,Closed
University of Sargodha,Civil Engineering,2016,63.76,80,935,Closed
Bahauddin Zakariya University (BZU) Multan,Economics,2021,73.27,120,1005,Closed
University of Karachi,Biomedical Engineering,2019,78.33,50,280,Closed
COMSATS University Islamabad,Chemical Engineering,2019,78.08,120,970,Closed
COMSATS University Islamabad,Electrical Engineering,2015,77.95,100,1066,Closed
University of Agriculture Faisalabad (UAF),Business Administration,2022,69.57,50,402,Closed
Mehran University of Engineering and Technology,Civil Engineering,2019,73.68,60,660,Closed
COMSATS University Islamabad,Software Engineering,2016,84.09,50,308,Closed
University of Agriculture Faisalabad (UAF),Business Administration,2020,69.0,100,1100,Closed
Punjab University (PU),Civil Engineering,2015,77.18,80,710,Closed
University of Management and Technology (UMT),Business Administration,2024,72.05,120,1767,Closed
University of Agriculture Faisalabad (UAF),Data Science,2024,80.54,80,1339,Closed
Lahore University of Management Sciences (LUMS),Data Science,2016,99.5,100,1820,Closed
National University of Sciences and Technology (NUST),Economics,2020,96.55,60,1034,Closed
Riphah International University,Biomedical Engineering,2020,73.93,120,1434,Closed
Mehran University of Engineering and Technology,Economics,2021,79.23,60,735,Closed
Mehran University of Engineering and Technology,Mechanical Engineering,2018,76.11,120,1752,Closed
University of Agriculture Faisalabad (UAF),Mechanical Engineering,2022,72.32,80,332,Closed
Superior University Lahore,Data Science,2016,70.65,120,1605,Closed
Ghulam Ishaq Khan Institute (GIKI),Civil Engineering,2024,93.69,40,499,Closed
FAST National University,Data Science,2017,92.89,80,794,Closed
Islamia University of Bahawalpur,Software Engineering,2019,72.48,80,500,Closed
University of Agriculture Faisalabad (UAF),Mathematics,2018,68.27,60,825,Closed
Superior University Lahore,Computer Science,2015,68.35,40,417,Closed
Mehran University of Engineering and Technology,Biomedical Engineering,2022,81.63,100,913,Closed
Institute of Space Technology (IST),Electrical Engineering,2015,85.52,80,1104,Closed
Bahauddin Zakariya University (BZU) Multan,Biomedical Engineering,2022,78.23,100,1560,Closed
COMSATS University Islamabad,Economics,2023,77.74,40,397,Closed
Bahauddin Zakariya University (BZU) Multan,Data Science,2020,79.52,40,551,Closed
University of Engineering and Technology (UET) Lahore,Software Engineering,2016,92.81,60,1180,Closed
Air University Islamabad,Artificial Intelligence,2017,86.66,60,615,Closed
NED University of Engineering and Technology,Biomedical Engineering,2021,87.67,120,1133,Closed
Superior University Lahore,Mathematics,2024,66.11,150,1307,Closed
Ghulam Ishaq Khan Institute (GIKI),Civil Engineering,2023,89.16,60,1013,Closed
University of Gujrat,Civil Engineering,2016,64.83,80,863,Closed
Punjab University (PU),Biomedical Engineering,2023,89.05,60,310,Closed
Ghulam Ishaq Khan Institute (GIKI),Biomedical Engineering,2016,96.81,80,688,Closed
Ghulam Ishaq Khan Institute (GIKI),Electrical Engineering,2022,94.55,40,285,Closed
Bahauddin Zakariya University (BZU) Multan,Mathematics,2022,71.21,60,404,Closed
University of the Punjab (Gujranwala Campus),Software Engineering,2021,76.23,150,1723,Closed
Riphah International University,Civil Engineering,2019,65.56,120,1267,Closed
Bahria University,Artificial Intelligence,2017,84.09,80,827,Closed
FAST National University,Business Administration,2021,83.7,50,580,Closed
Quaid-i-Azam University (QAU),Software Engineering,2022,93.43,40,446,Closed
Mehran University of Engineering and Technology,Artificial Intelligence,2016,82.38,80,872,Closed
Bahria University,Data Science,2020,84.53,,193,Closed
Quaid-i-Azam University (QAU),Computer Science,2023,95.24,40,793,Closed
Lahore University of Management Sciences (LUMS),Software Engineering,2020,99.5,120,1808,Closed
University of Gujrat,Business Administration,2019,65.48,40,202,Closed
Air University Islamabad,Electrical Engineering,2016,80.12,60,858,Closed
University of the Punjab (Gujranwala Campus),Software Engineering,2016,77.15,120,1649,Closed
Riphah International University,Software Engineering,2016,75.18,80,382,Closed
University of Sargodha,Biomedical Engineering,2018,67.65,40,318,Closed
COMSATS University Islamabad,Economics,2020,79.82,100,1565,Closed
University of Agriculture Faisalabad (UAF),Business Administration,2021,69.58,80,391,Closed
Superior University Lahore,Mechanical Engineering,2015,62.14,60,399,Closed
Riphah International University,Economics,2018,69.59,40,171,Closed
University of Karachi,Business Administration,2019,72.05,40,246,Closed
University of Karachi,Civil Engineering,2021,68.94,50,554,Closed
Bahria University,Electrical Engineering,2017,77.7,40,564,Closed
Ghulam Ishaq Khan Institute (GIKI),Data Science,2015,96.95,100,1517,Closed
Ghulam Ishaq Khan Institute (GIKI),Electrical Engineering,2021,95.49,60,1225,Closed
University of Central Punjab (UCP),Business Administration,2021,68.36,50,602,Closed
Islamia University of Bahawalpur,Artificial Intelligence,2020,72.13,80,1046,Closed
NED University of Engineering and Technology,Electrical Engineering,2018,84.35,40,558,Closed
University of Engineering and Technology (UET) Taxila,Business Administration,2021,85.42,60,866,Closed
University of Karachi,Business Administration,2015,70.42,50,514,Closed
University of Sargodha,Computer Science,2021,73.76,120,1630,Closed
Riphah International University,Artificial Intelligence,2023,80.48,40,336,Closed
Lahore University of Management Sciences (LUMS),Computer Science,2018,99.5,80,894,Closed
Islamia University of Bahawalpur,Electrical Engineering,2018,70.04,150,1555,Closed
NED University of Engineering and Technology,Artificial Intelligence,2018,93.93,80,783,Closed
Superior University Lahore,Software Engineering,2016,66.86,50,214,Closed
University of Engineering and Technology (UET) Taxila,Computer Science,2021,94.86,40,648,Closed
Superior University Lahore,Chemical Engineering,2015,62.51,40,446,Closed
Mehran University of Engineering and Technology,Biomedical Engineering,2024,80.71,40,316,Closed
University of Management and Technology (UMT),Business Administration,2018,70.18,60,338,Closed
University of Management and Technology (UMT),Economics,2021,73.63,100,676,Closed
University of Sargodha,Business Administration,2015,62.28,60,384,Closed
University of Engineering and Technology (UET) Lahore,Mechanical Engineering,2020,93.39,60,531,Closed
University of Management and Technology (UMT),Biomedical Engineering,2018,75.04,60,298,Closed
FAST National University,Economics,2015,86.41,60,666,Closed
Mehran University of Engineering and Technology,Software Engineering,2022,82.99,100,569,Closed
Mehran University of Engineering and Technology,Data Science,2017,83.3,60,755,Closed
University of the Punjab (Gujranwala Campus),Biomedical Engineering,2017,74.82,120,1681,Closed
University of Engineering and Technology (UET) Taxila,Data Science,2024,93.42,100,1685,Closed
University of Sargodha,Economics,2020,66.38,40,165,Closed
NED University of Engineering and Technology,Computer Science,2023,90.92,40,619,Closed
Lahore University of Management Sciences (LUMS),Electrical Engineering,2017,94.83,60,1047,Closed
University of Sargodha,Mathematics,2021,64.07,40,247,Closed
National University of Sciences and Technology (NUST),Biomedical Engineering,2015,98.04,150,1169,Closed
Lahore University of Management Sciences (LUMS),Data Science,2024,99.5,120,2468,Closed
University of the Punjab (Gujranwala Campus),Mathematics,2021,70.73,150,732,Closed
University of Management and Technology (UMT),Chemical Engineering,2016,72.99,40,582,Closed
University of Gujrat,Business Administration,2024,69.87,120,1182,Closed
University of Gujrat,Civil Engineering,2016,64.83,80,863,Closed
University of Central Punjab (UCP),Biomedical Engineering,2018,72.12,80,730,Closed
University of the Punjab (Gujranwala Campus),Civil Engineering,2016,68.32,150,2061,Closed
University of Karachi,Economics,2015,72.74,120,1771,Closed
COMSATS University Islamabad,Mathematics,2020,77.26,100,584,Closed
University of Engineering and Technology (UET) Taxila,Software Engineering,2024,93.22,100,574,Closed
Bahria University,Software Engineering,2024,84.42,80,969,Closed
Ghulam Ishaq Khan Institute (GIKI),Computer Science,2023,99.5,60,614,Closed
University of Engineering and Technology (UET) Lahore,Civil Engineering,2022,88.68,80,617,Closed
Mehran University of Engineering and Technology,Electrical Engineering,2024,82.02,40,625,Closed
University of Karachi,Business Administration,2016,71.98,40,367,Closed
Ghulam Ishaq Khan Institute (GIKI),Artificial Intelligence,2017,98.78,150,2618,Closed
Ghulam Ishaq Khan Institute (GIKI),Electrical Engineering,2024,97.63,60,773,Closed
Bahria University,Mathematics,2020,74.35,40,274,Closed
COMSATS University Islamabad,Data Science,2022,88.38,60,333,Closed
Bahauddin Zakariya University (BZU) Multan,Biomedical Engineering,2016,72.18,80,461,Closed
Institute of Space Technology (IST),Mathematics,2024,82.11,60,672,Closed
National University of Sciences and Technology (NUST),Biomedical Engineering,2020,98.92,40,282,Closed
University of Agriculture Faisalabad (UAF),Business Administration,2018,,80,863,Closed
Bahauddin Zakariya University (BZU) Multan,Artificial Intelligence,2019,77.52,50,481,Closed
Mehran University of Engineering and Technology,Chemical Engineering,2024,80.83,40,665,Closed
University of Engineering and Technology (UET) Lahore,Mechanical Engineering,2015,91.36,150,1167,Closed
Bahauddin Zakariya University (BZU) Multan,Software Engineering,2015,76.98,120,795,Closed
Lahore University of Management Sciences (LUMS),Artificial Intelligence,2015,99.5,80,1567,Closed
University of Gujrat,Electrical Engineering,2023,74.64,150,1876,Closed
Mehran University of Engineering and Technology,Software Engineering,2018,79.89,80,1274,Closed
University of Sargodha,Biomedical Engineering,2017,68.05,60,590,Closed
University of Agriculture Faisalabad (UAF),Computer Science,2021,77.45,100,932,Closed
National University of Sciences and Technology (NUST),Data Science,2018,99.5,60,383,Closed
University of the Punjab (Gujranwala Campus),Business Administration,2017,70.12,60,301,Closed
Punjab University (PU),Civil Engineering,2023,81.83,100,1006,Closed
University of Karachi,Chemical Engineering,2018,72.93,40,545,Closed
University of Central Punjab (UCP),Biomedical Engineering,2017,69.32,80,524,Closed
University of Management and Technology (UMT),Chemical Engineering,2018,73.64,80,1097,Closed
Bahria University,Biomedical Engineering,2020,79.15,120,1437,Closed
University of the Punjab (Gujranwala Campus),Business Administration,2022,73.28,120,664,Closed
Riphah International University,Business Administration,2022,66.58,40,328,Closed
University of Sargodha,Computer Science,2019,74.15,80,1000,Closed
Air University Islamabad,Mechanical Engineering,2024,81.14,100,594,Closed
University of Central Punjab (UCP),Civil Engineering,2018,66.55,50,710,Closed
Quaid-i-Azam University (QAU),Electrical Engineering,2017,87.81,150,2296,Closed
Riphah International University,Business Administration,2019,69.41,100,1486,Closed
Ghulam Ishaq Khan Institute (GIKI),Computer Science,2022,97.58,120,1038,Closed
Islamia University of Bahawalpur,Electrical Engineering,2020,70.87,40,382,Closed
Bahauddin Zakariya University (BZU) Multan,Electrical Engineering,2020,72.48,120,1615,Closed
University of Engineering and Technology (UET) Lahore,Mathematics,2021,88.85,50,857,Closed
University of Sargodha,Electrical Engineering,2017,66.42,50,419,Closed
Lahore University of Management Sciences (LUMS),Computer Science,2019,99.5,150,2879,Closed
Mehran University of Engineering and Technology,Computer Science,2022,83.71,50,730,Closed
National University of Sciences and Technology (NUST),Mathematics,2024,93.12,150,1323,Closed
Mehran University of Engineering and Technology,Artificial Intelligence,2023,88.61,50,405,Closed
University of Gujrat,Electrical Engineering,2015,70.22,40,413,Closed
University of Engineering and Technology (UET) Lahore,Biomedical Engineering,2018,95.05,60,1160,Closed
University of Engineering and Technology (UET) Lahore,Electrical Engineering,2022,93.32,120,841,Closed
Islamia University of Bahawalpur,Economics,2015,67.08,120,1379,Closed
Institute of Space Technology (IST),Chemical Engineering,2019,85.1,40,408,Closed
FAST National University,Software Engineering,2016,90.11,60,719,Closed
Lahore University of Management Sciences (LUMS),Civil Engineering,2021,92.51,40,538,Closed
Ghulam Ishaq Khan Institute (GIKI),Business Administration,2023,95.61,50,800,Closed
University of Management and Technology (UMT),Business Administration,2020,69.07,50,214,Closed
University of Gujrat,Business Administration,2017,64.52,120,1534,Closed
University of the Punjab (Gujranwala Campus),Mathematics,2019,72.48,50,657,Closed
Quaid-i-Azam University (QAU),Mathematics,2016,85.92,40,679,Closed
Bahauddin Zakariya University (BZU) Multan,Computer Science,2015,74.99,120,1340,Closed
Lahore University of Management Sciences (LUMS),Computer Science,2015,97.56,50,470,Closed
Bahauddin Zakariya University (BZU) Multan,Business Administration,2017,66.91,40,450,Closed
Superior University Lahore,Data Science,2020,72.31,100,1161,Closed
University of Sargodha,Artificial Intelligence,2022,75.39,40,572,Closed
Mehran University of Engineering and Technology,Data Science,2021,81.15,120,1452,Closed
University of Agriculture Faisalabad (UAF),Computer Science,2019,75.65,80,1133,Closed
Institute of Space Technology (IST),Chemical Engineering,2017,,60,648,Closed
Mehran University of Engineering and Technology,Civil Engineering,2017,70.9,100,1111,Closed
Quaid-i-Azam University (QAU),Business Administration,2024,87.42,150,1701,Closed
University of Central Punjab (UCP),Biomedical Engineering,2016,69.06,80,1058,Closed
National University of Sciences and Technology (NUST),Electrical Engineering,2024,99.5,150,2203,Closed
Islamia University of Bahawalpur,Biomedical Engineering,2017,70.27,80,344,Closed
University of Management and Technology (UMT),Electrical Engineering,2017,73.32,150,1751,Closed
Ghulam Ishaq Khan Institute (GIKI),Data Science,2017,,100,1680,Closed
Bahauddin Zakariya University (BZU) Multan,Economics,2017,70.94,80,1121,Closed
Bahria University,Chemical Engineering,2020,80.16,80,599,Closed
University of Karachi,Data Science,2024,83.29,60,501,Closed
University of Engineering and Technology (UET) Lahore,Civil Engineering,2018,86.36,40,581,Closed
Riphah International University,Business Administration,2023,67.15,120,988,Closed
University of Engineering and Technology (UET) Lahore,Civil Engineering,2015,88.06,80,1504,Closed
Institute of Space Technology (IST),Electrical Engineering,2020,86.04,150,1983,Closed
University of Karachi,Mechanical Engineering,2023,75.5,60,728,Closed
University of Karachi,Data Science,2022,82.22,100,1655,Closed
Ghulam Ishaq Khan Institute (GIKI),Business Administration,2020,91.5,60,807,Closed
University of Central Punjab (UCP),Computer Science,2015,,150,2042,Closed
University of Sargodha,Mechanical Engineering,2022,67.11,100,1378,Closed
Punjab University (PU),Computer Science,2020,85.5,150,1620,Closed
University of Central Punjab (UCP),Mechanical Engineering,2015,66.16,120,1124,Closed
COMSATS University Islamabad,Economics,2017,76.3,60,627,Closed
Mehran University of Engineering and Technology,Data Science,2022,83.05,100,951,Closed
Riphah International University,Chemical Engineering,2019,,150,1827,Closed
NED University of Engineering and Technology,Civil Engineering,2017,82.53,80,698,Closed
FAST National University,Electrical Engineering,2018,87.0,40,352,Closed
University of Agriculture Faisalabad (UAF),Mechanical Engineering,2017,69.5,40,421,Closed
Lahore University of Management Sciences (LUMS),Economics,2021,93.22,60,736,Closed
Ghulam Ishaq Khan Institute (GIKI),Electrical Engineering,2016,93.79,100,1985,Closed
University of Engineering and Technology (UET) Lahore,Economics,2018,91.71,150,1389,Closed
University of Central Punjab (UCP),Artificial Intelligence,2018,78.08,150,936,Closed
Ghulam Ishaq Khan Institute (GIKI),Biomedical Engineering,2020,94.67,120,1997,Closed
Riphah International University,Chemical Engineering,2021,74.95,150,1977,Closed
Bahauddin Zakariya University (BZU) Multan,Electrical Engineering,2016,75.6,120,1075,Closed
University of Engineering and Technology (UET) Taxila,Chemical Engineering,2019,87.79,60,926,Closed
University of the Punjab (Gujranwala Campus),Civil Engineering,2024,74.01,60,852,Closed
National University of Sciences and Technology (NUST),Software Engineering,2016,98.82,50,301,Closed
Riphah International University,Mathematics,2016,65.03,150,614,Closed
Lahore University of Management Sciences (LUMS),Computer Science,2021,99.5,40,426,Closed
University of Agriculture Faisalabad (UAF),Biomedical Engineering,2018,72.37,60,636,Closed
Lahore University of Management Sciences (LUMS),Mathematics,2020,94.91,50,439,Closed
Bahria University,Civil Engineering,2018,74.52,120,898,Closed
Superior University Lahore,Mechanical Engineering,2017,62.83,40,234,Closed
University of Sargodha,Chemical Engineering,2017,67.66,60,837,Closed
Islamia University of Bahawalpur,Economics,2023,68.82,40,193,Closed
University of the Punjab (Gujranwala Campus),Mechanical Engineering,2020,71.54,60,372,Closed
University of Karachi,Economics,2018,71.26,40,261,Closed
NED University of Engineering and Technology,Electrical Engineering,2016,87.18,120,1447,Closed
National University of Sciences and Technology (NUST),Electrical Engineering,2019,93.98,60,530,Closed
Riphah International University,Mechanical Engineering,2017,66.6,60,550,Closed
University of Karachi,Software Engineering,2016,78.47,80,984,Closed
Mehran University of Engineering and Technology,Software Engineering,2024,81.48,50,662,Closed
University of the Punjab (Gujranwala Campus),Civil Engineering,2023,70.67,50,620,Closed
University of Karachi,Economics,2021,73.46,50,633,Closed
University of Engineering and Technology (UET) Lahore,Business Administration,2024,90.53,60,496,Closed
University of Sargodha,Mechanical Engineering,2018,63.01,40,384,Closed
Air University Islamabad,Mechanical Engineering,2022,80.01,40,421,Closed
Superior University Lahore,Mathematics,2019,65.12,80,797,Closed
Superior University Lahore,Artificial Intelligence,2019,72.42,120,1088,Closed
University of Engineering and Technology (UET) Taxila,Biomedical Engineering,2016,89.15,60,717,Closed
University of Engineering and Technology (UET) Taxila,Chemical Engineering,2015,85.82,80,810,Closed
Islamia University of Bahawalpur,Biomedical Engineering,2015,68.14,80,858,Closed
Air University Islamabad,Data Science,2018,86.71,100,1835,Closed
Lahore University of Management Sciences (LUMS),Computer Science,2020,99.5,50,637,Closed
Riphah International University,Artificial Intelligence,2016,76.11,120,1103,Closed
Institute of Space Technology (IST),Data Science,2019,86.94,80,1411,Closed
University of Gujrat,Computer Science,2016,75.66,40,249,Closed
University of Central Punjab (UCP),Mathematics,2017,66.03,40,465,Closed
Ghulam Ishaq Khan Institute (GIKI),Civil Engineering,2018,89.42,40,582,Closed
University of Engineering and Technology (UET) Taxila,Mechanical Engineering,2016,84.91,40,439,Closed
COMSATS University Islamabad,Civil Engineering,2015,72.69,60,849,Closed
University of Gujrat,Economics,2020,67.85,100,590,Closed
Lahore University of Management Sciences (LUMS),Data Science,2015,99.5,120,698,Closed
University of Central Punjab (UCP),Mathematics,2021,69.52,40,370,Closed
FAST National University,Economics,2021,87.21,40,419,Closed
University of Management and Technology (UMT),Computer Science,2021,77.22,150,794,Closed
Quaid-i-Azam University (QAU),Mathematics,2023,89.06,60,317,Closed
Lahore University of Management Sciences (LUMS),Artificial Intelligence,2024,99.5,100,1199,Closed
University of the Punjab (Gujranwala Campus),Biomedical Engineering,2023,80.41,100,1060,Closed
Bahauddin Zakariya University (BZU) Multan,Economics,2019,72.42,100,1317,Closed
Bahria University,Civil Engineering,2022,75.84,100,1171,Closed
Punjab University (PU),Software Engineering,2015,85.09,150,1708,Closed
FAST National University,Software Engineering,2023,144.11,80,1381,Closed
National University of Sciences and Technology (NUST),Biomedical Engineering,2022,98.44,150,1469,Closed
University of the Punjab (Gujranwala Campus),Economics,2020,71.6,,1033,Closed
Quaid-i-Azam University (QAU),Mechanical Engineering,2024,91.18,150,2246,Closed
Mehran University of Engineering and Technology,Biomedical Engineering,2017,78.92,50,606,Closed
University of Management and Technology (UMT),Mechanical Engineering,2016,68.2,100,1062,Closed
NED University of Engineering and Technology,Biomedical Engineering,2019,84.99,100,1579,Closed
University of Gujrat,Civil Engineering,2019,66.53,150,801,Closed
University of Agriculture Faisalabad (UAF),Data Science,2018,77.29,40,255,Closed
University of Engineering and Technology (UET) Taxila,Biomedical Engineering,2018,90.44,100,613,Closed
University of Karachi,Mechanical Engineering,2022,74.16,50,635,Closed
University of Central Punjab (UCP),Economics,2023,,50,298,Closed
University of the Punjab (Gujranwala Campus),Mathematics,2023,71.63,60,774,Closed
Institute of Space Technology (IST),Mechanical Engineering,2024,85.42,150,2190,Closed
Ghulam Ishaq Khan Institute (GIKI),Computer Science,2019,96.82,80,846,Closed
University of Karachi,Software Engineering,2023,78.75,40,353,Closed
Quaid-i-Azam University (QAU),Mechanical Engineering,2018,84.46,150,1501,Closed
Mehran University of Engineering and Technology,Business Administration,2021,73.35,100,1040,Closed
University of Agriculture Faisalabad (UAF),Computer Science,2017,75.81,120,873,Closed
Bahria University,Economics,2022,78.13,80,1038,Closed
Superior University Lahore,Chemical Engineering,2018,66.12,40,338,Closed
Islamia University of Bahawalpur,Artificial Intelligence,2022,76.13,80,844,Closed
NED University of Engineering and Technology,Business Administration,2020,80.53,80,587,Closed
University of Central Punjab (UCP),Civil Engineering,2017,66.96,40,299,Closed
Bahria University,Software Engineering,2022,81.65,120,1069,Closed
University of Central Punjab (UCP),Computer Science,2021,75.69,80,1131,Closed
University of Sargodha,Economics,2023,65.0,120,1047,Closed
University of Sargodha,Biomedical Engineering,2015,68.07,80,407,Closed
Quaid-i-Azam University (QAU),Mechanical Engineering,2019,84.39,120,733,Closed
University of Engineering and Technology (UET) Lahore,Biomedical Engineering,2024,98.16,60,486,Closed
COMSATS University Islamabad,Civil Engineering,2019,75.75,60,797,Closed
Air University Islamabad,Chemical Engineering,2019,79.03,100,547,Closed
Superior University Lahore,Chemical Engineering,2016,64.92,60,671,Closed
University of Central Punjab (UCP),Computer Science,2016,73.34,100,1008,Closed
NED University of Engineering and Technology,Computer Science,2017,90.66,40,591,Closed
University of Engineering and Technology (UET) Taxila,Biomedical Engineering,2019,88.09,100,1061,Closed
National University of Sciences and Technology (NUST),Mechanical Engineering,2022,93.29,40,365,Closed
Lahore University of Management Sciences (LUMS),Chemical Engineering,2024,99.5,50,1024,Closed
University of Engineering and Technology (UET) Lahore,Computer Science,2021,96.1,150,1586,Closed
University of Karachi,Software Engineering,2022,80.1,100,937,Closed
Bahauddin Zakariya University (BZU) Multan,Data Science,2019,77.79,60,719,Closed
Islamia University of Bahawalpur,Economics,2019,66.09,80,324,Closed
Mehran University of Engineering and Technology,Mechanical Engineering,2022,74.85,100,1203,Closed
Superior University Lahore,Mechanical Engineering,2019,66.06,50,604,Closed
University of Central Punjab (UCP),Artificial Intelligence,2015,74.75,50,334,Closed
COMSATS University Islamabad,Chemical Engineering,2021,78.56,150,2361,Closed
Punjab University (PU),Civil Engineering,2024,79.63,80,1019,Closed
University of the Punjab (Gujranwala Campus),Chemical Engineering,2023,78.0,150,2396,Closed
University of Engineering and Technology (UET) Taxila,Mathematics,2022,85.76,120,1841,Closed
Islamia University of Bahawalpur,Mathematics,2017,66.2,100,720,Closed
COMSATS University Islamabad,Business Administration,2018,78.63,100,1111,Closed
University of Engineering and Technology (UET) Taxila,Chemical Engineering,2017,86.57,50,669,Closed
Punjab University (PU),Mathematics,2015,75.96,100,690,Closed
Riphah International University,Data Science,2017,76.12,150,1935,Closed
University of the Punjab (Gujranwala Campus),Civil Engineering,2018,68.89,50,730,Closed
COMSATS University Islamabad,Chemical Engineering,2015,78.7,80,695,Closed
Air University Islamabad,Computer Science,2024,88.08,40,476,Closed
FAST National University,Electrical Engineering,2015,85.45,50,578,Closed
University of Management and Technology (UMT),Chemical Engineering,2015,68.87,40,243,Closed
NED University of Engineering and Technology,Data Science,2015,86.56,150,2200,Closed
University of Sargodha,Economics,2021,68.2,60,802,Closed
FAST National University,Economics,2018,86.18,120,893,Closed
University of Engineering and Technology (UET) Lahore,Software Engineering,2021,95.0,120,1884,Closed
University of Central Punjab (UCP),Mechanical Engineering,2019,65.86,50,596,Closed
Islamia University of Bahawalpur,Data Science,2018,76.29,150,1941,Closed
University of Engineering and Technology (UET) Lahore,Biomedical Engineering,2017,95.99,150,2302,Closed
University of Central Punjab (UCP),Mechanical Engineering,2017,70.32,120,1408,Closed
University of Central Punjab (UCP),Mathematics,2018,65.41,80,409,Closed
Superior University Lahore,Artificial Intelligence,2016,70.44,100,898,Closed
COMSATS University Islamabad,Business Administration,2024,82.33,60,862,Closed
Ghulam Ishaq Khan Institute (GIKI),Civil Engineering,2015,90.33,60,818,Closed
Mehran University of Engineering and Technology,Civil Engineering,2022,75.6,100,439,Closed
University of Sargodha,Artificial Intelligence,2021,74.48,120,1659,Closed
Air University Islamabad,Data Science,2019,88.76,80,982,Closed
National University of Sciences and Technology (NUST),Mathematics,2020,94.76,100,1229,Closed
Lahore University of Management Sciences (LUMS),Chemical Engineering,2022,95.35,120,2229,Closed
University of Engineering and Technology (UET) Lahore,Biomedical Engineering,2023,98.13,40,226,Closed
University of Agriculture Faisalabad (UAF),Civil Engineering,2015,67.53,150,799,Closed
Air University Islamabad,Mechanical Engineering,2023,80.27,50,407,Closed
Air University Islamabad,Data Science,2022,88.15,100,576,Closed
Superior University Lahore,Mathematics,2015,59.98,100,1089,Closed
University of Sargodha,Electrical Engineering,2016,69.03,50,326,Closed
Air University Islamabad,Computer Science,2021,88.4,120,1496,Closed
Mehran University of Engineering and Technology,Mechanical Engineering,2015,74.39,150,1672,Closed
University of Gujrat,Electrical Engineering,2024,71.82,120,659,Closed
Riphah International University,Mechanical Engineering,2016,67.56,120,1232,Closed
Institute of Space Technology (IST),Economics,2021,84.83,150,2580,Closed
University of the Punjab (Gujranwala Campus),Data Science,2020,81.16,60,394,Closed
Islamia University of Bahawalpur,Software Engineering,2023,71.53,60,899,Closed
Islamia University of Bahawalpur,Artificial Intelligence,2018,71.66,150,1087,Closed
Bahria University,Computer Science,2019,82.81,60,490,Closed
Ghulam Ishaq Khan Institute (GIKI),Artificial Intelligence,2024,99.5,80,783,Closed
National University of Sciences and Technology (NUST),Artificial Intelligence,2017,99.5,60,353,Closed
Bahauddin Zakariya University (BZU) Multan,Software Engineering,2024,77.26,40,210,Closed
FAST National University,Electrical Engineering,2020,90.69,80,567,Closed
University of Sargodha,Artificial Intelligence,2019,73.94,40,447,Closed
Bahauddin Zakariya University (BZU) Multan,Business Administration,2019,71.95,50,286,Closed
National University of Sciences and Technology (NUST),Business Administration,2016,93.2,120,2185,Closed
University of Sargodha,Data Science,2020,72.34,50,280,Closed
University of Management and Technology (UMT),Electrical Engineering,2019,71.91,40,582,Closed
Punjab University (PU),Software Engineering,2023,87.65,100,697,Closed
University of Central Punjab (UCP),Economics,2024,73.84,80,1187,Closed
Bahauddin Zakariya University (BZU) Multan,Electrical Engineering,2023,78.43,40,593,Closed
Institute of Space Technology (IST),Mechanical Engineering,2022,82.68,100,859,Closed
Punjab University (PU),Business Administration,2015,79.49,40,512,Closed
National University of Sciences and Technology (NUST),Data Science,2022,99.5,40,741,Closed
University of the Punjab (Gujranwala Campus),Mechanical Engineering,2023,72.91,80,881,Closed
Institute of Space Technology (IST),Mathematics,2018,81.2,120,1258,Closed
Lahore University of Management Sciences (LUMS),Chemical Engineering,2020,97.59,120,1653,Closed
Lahore University of Management Sciences (LUMS),Economics,2015,91.44,150,1653,Closed
Punjab University (PU),Electrical Engineering,2020,85.8,120,1228,Closed
Air University Islamabad,Data Science,2021,90.2,40,594,Closed
Air University Islamabad,Economics,2021,81.14,40,332,Closed
University of Karachi,Software Engineering,2024,81.38,150,1934,Closed
University of the Punjab (Gujranwala Campus),Economics,2019,71.45,60,313,Closed
Riphah International University,Chemical Engineering,2016,67.98,80,408,Closed
Riphah International University,Business Administration,2024,70.24,120,940,Closed
Quaid-i-Azam University (QAU),Artificial Intelligence,2022,98.54,80,567,Closed
University of Agriculture Faisalabad (UAF),Data Science,2023,81.77,60,469,Closed
Bahauddin Zakariya University (BZU) Multan,Electrical Engineering,2024,76.38,50,324,Closed
Institute of Space Technology (IST),Biomedical Engineering,2019,84.88,,1057,Closed
NED University of Engineering and Technology,Mechanical Engineering,2024,82.01,40,236,Closed
University of the Punjab (Gujranwala Campus),Chemical Engineering,2022,74.59,60,267,Closed
COMSATS University Islamabad,Mathematics,2021,80.01,50,854,Closed
Quaid-i-Azam University (QAU),Artificial Intelligence,2016,94.73,80,1368,Closed
University of Agriculture Faisalabad (UAF),Mathematics,2023,69.45,150,634,Closed
Islamia University of Bahawalpur,Mechanical Engineering,2017,64.4,50,632,Closed
University of Gujrat,Business Administration,2018,66.19,50,191,Closed
Superior University Lahore,Chemical Engineering,2021,68.21,150,1608,Closed
University of Engineering and Technology (UET) Lahore,Software Engineering,2018,94.63,60,641,Closed
University of Agriculture Faisalabad (UAF),Artificial Intelligence,2018,80.28,60,606,Closed
University of Agriculture Faisalabad (UAF),Civil Engineering,2020,71.03,120,520,Closed
Riphah International University,Economics,2016,70.37,100,1499,Closed
Mehran University of Engineering and Technology,Chemical Engineering,2020,78.3,150,839,Closed
University of Engineering and Technology (UET) Lahore,Mathematics,2016,90.57,100,568,Closed
NED University of Engineering and Technology,Biomedical Engineering,2020,88.09,150,1900,Closed
University of Engineering and Technology (UET) Lahore,Business Administration,2021,89.66,40,760,Closed
COMSATS University Islamabad,Electrical Engineering,2020,82.38,50,260,Closed
University of Gujrat,Mechanical Engineering,2022,71.46,80,391,Closed
Institute of Space Technology (IST),Economics,2016,81.8,60,411,Closed
Institute of Space Technology (IST),Electrical Engineering,2022,83.74,80,538,Closed
Mehran University of Engineering and Technology,Economics,2015,73.27,100,728,Closed
COMSATS University Islamabad,Economics,2018,76.12,50,359,Closed
National University of Sciences and Technology (NUST),Biomedical Engineering,2021,99.5,100,1486,Closed
Punjab University (PU),Business Administration,2023,78.77,120,1891,Closed
University of Gujrat,Chemical Engineering,2019,67.39,100,831,Closed
University of Central Punjab (UCP),Economics,2019,68.5,120,744,Closed
FAST National University,Business Administration,2019,82.42,120,882,Closed
University of Agriculture Faisalabad (UAF),Mathematics,2022,68.82,40,428,Closed
Bahauddin Zakariya University (BZU) Multan,Biomedical Engineering,2018,73.54,60,928,Closed
NED University of Engineering and Technology,Economics,2016,80.88,50,580,Closed
Superior University Lahore,Economics,2016,65.3,150,1692,Closed
University of Karachi,Computer Science,2017,78.16,50,681,Closed
Superior University Lahore,Artificial Intelligence,2018,72.03,80,481,Closed
FAST National University,Electrical Engineering,2023,88.67,80,1257,Closed
Institute of Space Technology (IST),Economics,2018,82.03,50,402,Closed
University of Engineering and Technology (UET) Taxila,Chemical Engineering,2021,86.17,120,711,Closed
University of the Punjab (Gujranwala Campus),Data Science,2015,78.17,60,495,Closed
University of the Punjab (Gujranwala Campus),Biomedical Engineering,2024,74.41,60,886,Closed
Punjab University (PU),Electrical Engineering,2017,84.12,80,1278,Closed
COMSATS University Islamabad,Software Engineering,2024,82.96,150,1272,Closed
University of the Punjab (Gujranwala Campus),Biomedical Engineering,2018,78.02,120,1652,Closed
University of Management and Technology (UMT),Computer Science,2016,75.46,40,544,Closed
Islamia University of Bahawalpur,Data Science,2024,76.87,150,1508,Closed
Ghulam Ishaq Khan Institute (GIKI),Mechanical Engineering,2018,88.99,100,1104,Closed
University of Central Punjab (UCP),Software Engineering,2015,73.84,150,1973,Closed
Superior University Lahore,Software Engineering,2018,67.24,100,801,Closed
University of the Punjab (Gujranwala Campus),Data Science,2024,82.38,60,413,Closed
Islamia University of Bahawalpur,Chemical Engineering,2020,68.81,150,1709,Closed
Lahore University of Management Sciences (LUMS),Chemical Engineering,2016,97.02,100,1170,Closed
Bahria University,Data Science,2019,85.54,120,2167,Closed
Bahauddin Zakariya University (BZU) Multan,Electrical Engineering,2022,72.78,120,623,Closed
Quaid-i-Azam University (QAU),Electrical Engineering,2022,89.36,60,443,Closed
University of Sargodha,Biomedical Engineering,2022,71.35,40,610,Closed
University of Engineering and Technology (UET) Lahore,Mathematics,2020,,150,1640,Closed
Islamia University of Bahawalpur,Electrical Engineering,2019,70.91,80,617,Closed
COMSATS University Islamabad,Civil Engineering,2020,76.18,50,402,Closed
Bahauddin Zakariya University (BZU) Multan,Mathematics,2015,70.15,120,1635,Closed
Ghulam Ishaq Khan Institute (GIKI),Civil Engineering,2017,87.07,120,1756,Closed
University of Management and Technology (UMT),Biomedical Engineering,2021,76.2,120,602,Closed
Ghulam Ishaq Khan Institute (GIKI),Artificial Intelligence,2016,98.04,150,1865,Closed
University of Karachi,Mathematics,2015,72.3,60,730,Closed
Islamia University of Bahawalpur,Electrical Engineering,2022,69.71,120,1488,Closed
Institute of Space Technology (IST),Mechanical Engineering,2023,84.7,60,826,Closed
University of Agriculture Faisalabad (UAF),Biomedical Engineering,2023,75.78,120,1488,Closed
University of Gujrat,Economics,2016,64.01,120,783,Closed
Superior University Lahore,Electrical Engineering,2017,67.77,120,871,Closed
Mehran University of Engineering and Technology,Civil Engineering,2015,70.53,150,1205,Closed
NED University of Engineering and Technology,Electrical Engineering,2020,87.19,60,595,Closed
University of Engineering and Technology (UET) Lahore,Economics,2023,91.47,100,795,Closed
Ghulam Ishaq Khan Institute (GIKI),Biomedical Engineering,2023,94.34,60,1050,Closed
University of Engineering and Technology (UET) Taxila,Mathematics,2015,84.08,40,396,Closed
University of the Punjab (Gujranwala Campus),Economics,2023,72.69,40,497,Closed
FAST National University,Business Administration,2020,85.44,80,1328,Closed
National University of Sciences and Technology (NUST),Biomedical Engineering,2023,98.63,80,1094,Closed
University of Sargodha,Software Engineering,2018,69.29,100,1097,Closed
University of the Punjab (Gujranwala Campus),Chemical Engineering,2017,74.99,150,654,Closed
NED University of Engineering and Technology,Data Science,2019,89.28,120,1838,Closed
Superior University Lahore,Mechanical Engineering,2020,63.93,150,1122,Closed
Mehran University of Engineering and Technology,Electrical Engineering,2016,77.93,60,776,Closed
COMSATS University Islamabad,Civil Engineering,2016,75.91,50,313,Closed
Lahore University of Management Sciences (LUMS),Biomedical Engineering,2023,99.5,80,870,Closed
Ghulam Ishaq Khan Institute (GIKI),Civil Engineering,2021,90.07,80,1131,Closed
University of Management and Technology (UMT),Chemical Engineering,2021,71.96,100,1108,Closed
University of Engineering and Technology (UET) Taxila,Computer Science,2023,93.54,40,272,Closed
University of Agriculture Faisalabad (UAF),Chemical Engineering,2017,73.12,150,1303,Closed
Riphah International University,Mathematics,2021,66.82,100,1022,Closed
University of Management and Technology (UMT),Artificial Intelligence,2022,80.95,60,520,Closed
NED University of Engineering and Technology,Chemical Engineering,2019,84.56,100,1531,Closed
NED University of Engineering and Technology,Chemical Engineering,2020,87.98,80,1213,Closed
University of Engineering and Technology (UET) Lahore,Software Engineering,2020,94.48,120,1083,Closed
Punjab University (PU),Mathematics,2016,77.54,60,493,Closed
Islamia University of Bahawalpur,Data Science,2017,74.72,50,627,Closed
Mehran University of Engineering and Technology,Electrical Engineering,2018,75.55,50,682,Closed
University of Sargodha,Mathematics,2024,67.7,120,881,Closed
Mehran University of Engineering and Technology,Mathematics,2016,73.27,60,856,Closed
Bahauddin Zakariya University (BZU) Multan,Economics,2023,70.89,100,1190,Closed
Bahauddin Zakariya University (BZU) Multan,Software Engineering,2017,75.01,80,995,Closed
COMSATS University Islamabad,Artificial Intelligence,2020,85.56,40,397,Closed
Superior University Lahore,Chemical Engineering,2023,67.86,80,724,Closed
University of Karachi,Chemical Engineering,2015,74.28,60,600,Closed
Air University Islamabad,Business Administration,2018,76.86,150,1872,Closed
University of Engineering and Technology (UET) Taxila,Business Administration,2022,,50,390,Closed
Bahauddin Zakariya University (BZU) Multan,Mathematics,2016,68.93,50,679,Closed
University of the Punjab (Gujranwala Campus),Mathematics,2017,68.54,50,499,Closed
Bahria University,Biomedical Engineering,2019,84.27,50,405,Closed
Institute of Space Technology (IST),Software Engineering,2024,89.14,60,974,Closed
Bahauddin Zakariya University (BZU) Multan,Artificial Intelligence,2021,80.15,100,630,Closed
University of Engineering and Technology (UET) Taxila,Computer Science,2016,88.74,60,999,Closed
University of Central Punjab (UCP),Civil Engineering,2016,63.17,100,663,Closed
Lahore University of Management Sciences (LUMS),Electrical Engineering,2022,99.5,150,2193,Closed
Riphah International University,Economics,2024,75.06,100,1271,Closed
University of Management and Technology (UMT),Electrical Engineering,2021,76.11,40,180,Closed
Bahauddin Zakariya University (BZU) Multan,Artificial Intelligence,2017,78.94,150,1776,Closed
University of Gujrat,Artificial Intelligence,2019,77.8,50,236,Closed
University of Gujrat,Economics,2018,67.07,120,632,Closed
Bahauddin Zakariya University (BZU) Multan,Computer Science,2024,80.18,150,2387,Closed
Punjab University (PU),Computer Science,2015,87.85,120,997,Closed
University of Central Punjab (UCP),Software Engineering,2017,70.64,100,449,Closed
NED University of Engineering and Technology,Economics,2021,83.75,100,1697,Closed
Islamia University of Bahawalpur,Economics,2024,70.08,80,443,Closed
Riphah International University,Civil Engineering,2020,65.57,80,337,Closed
University of Sargodha,Economics,2024,67.79,80,715,Closed
Ghulam Ishaq Khan Institute (GIKI),Data Science,2024,99.5,120,2112,Closed
University of Gujrat,Chemical Engineering,2020,68.79,120,1643,Closed
Islamia University of Bahawalpur,Software Engineering,2016,70.82,40,207,Closed
Air University Islamabad,Chemical Engineering,2023,82.91,120,937,Closed
FAST National University,Biomedical Engineering,2019,88.9,60,846,Closed
Bahria University,Mathematics,2018,76.43,50,771,Closed
Air University Islamabad,Artificial Intelligence,2022,86.42,60,1030,Closed
Lahore University of Management Sciences (LUMS),Software Engineering,2018,96.83,80,1138,Closed
Punjab University (PU),Civil Engineering,2016,76.3,80,1137,Closed
University of Management and Technology (UMT),Electrical Engineering,2020,73.57,40,311,Closed
Lahore University of Management Sciences (LUMS),Business Administration,2019,92.54,80,1114,Closed
University of Management and Technology (UMT),Mathematics,2019,70.69,50,649,Closed
Mehran University of Engineering and Technology,Business Administration,2019,73.65,100,1115,Closed
FAST National University,Economics,2018,86.18,120,893,Closed
University of Gujrat,Mathematics,2015,66.53,120,1670,Closed
Punjab University (PU),Artificial Intelligence,2016,87.03,50,833,Closed
National University of Sciences and Technology (NUST),Civil Engineering,2024,95.4,50,348,Closed
Bahauddin Zakariya University (BZU) Multan,Biomedical Engineering,2022,78.23,100,1560,Closed
Air University Islamabad,Civil Engineering,2018,78.48,100,980,Closed
University of Engineering and Technology (UET) Lahore,Civil Engineering,2024,89.62,120,2277,Closed
Lahore University of Management Sciences (LUMS),Chemical Engineering,2018,95.59,80,923,Closed
Quaid-i-Azam University (QAU),Electrical Engineering,2016,86.72,50,520,Closed
University of Engineering and Technology (UET) Lahore,Chemical Engineering,2024,98.87,40,560,Closed
Institute of Space Technology (IST),Economics,2015,81.86,50,856,Closed
Punjab University (PU),Mechanical Engineering,2023,85.48,120,1673,Closed
National University of Sciences and Technology (NUST),Mathematics,2021,92.14,100,1621,Closed
Bahauddin Zakariya University (BZU) Multan,Business Administration,2016,70.81,40,553,Closed
Superior University Lahore,Business Administration,2019,64.78,80,1055,Closed
Air University Islamabad,Chemical Engineering,2021,80.79,40,491,Closed
Mehran University of Engineering and Technology,Economics,2020,76.81,150,2210,Closed
Superior University Lahore,Mechanical Engineering,2022,67.87,40,425,Closed
University of the Punjab (Gujranwala Campus),Mechanical Engineering,2024,72.94,120,561,Closed
Riphah International University,Economics,2022,70.72,40,361,Closed
Punjab University (PU),Electrical Engineering,2022,83.74,80,1259,Closed
COMSATS University Islamabad,Electrical Engineering,2016,80.63,150,2095,Closed
University of Engineering and Technology (UET) Lahore,Mechanical Engineering,2016,91.41,60,1038,Closed
University of Engineering and Technology (UET) Taxila,Computer Science,2024,89.75,60,612,Closed
Riphah International University,Software Engineering,2019,75.61,50,712,Closed
COMSATS University Islamabad,Civil Engineering,2023,76.62,100,941,Closed
Riphah International University,Business Administration,2017,67.51,60,236,Closed
COMSATS University Islamabad,Chemical Engineering,2020,81.84,50,677,Closed
University of Karachi,Chemical Engineering,2024,77.25,150,1353,Closed
Riphah International University,Electrical Engineering,2020,69.97,120,853,Closed
University of Central Punjab (UCP),Civil Engineering,2020,69.68,150,2223,Closed
Quaid-i-Azam University (QAU),Chemical Engineering,2022,89.27,40,322,Closed
University of Gujrat,Mathematics,2020,66.09,100,811,Closed
Punjab University (PU),Biomedical Engineering,2018,81.79,150,1773,Closed
Bahria University,Civil Engineering,2017,76.17,120,1641,Closed
Lahore University of Management Sciences (LUMS),Business Administration,2017,91.65,50,459,Closed
University of Gujrat,Chemical Engineering,2018,66.91,100,609,Closed
National University of Sciences and Technology (NUST),Business Administration,2021,93.04,100,1307,Closed
Punjab University (PU),Electrical Engineering,2016,81.58,100,849,Closed
Ghulam Ishaq Khan Institute (GIKI),Mechanical Engineering,2017,89.23,120,1022,Closed
Quaid-i-Azam University (QAU),Mechanical Engineering,2023,86.55,120,745,Closed
University of the Punjab (Gujranwala Campus),Biomedical Engineering,2022,81.09,40,302,Closed
Superior University Lahore,Economics,2015,65.43,150,1057,Closed
University of the Punjab (Gujranwala Campus),Mechanical Engineering,2018,73.86,60,575,Closed
Bahria University,Mathematics,2017,73.92,50,459,Closed
Punjab University (PU),Business Administration,2017,76.41,60,299,Closed
University of Central Punjab (UCP),Economics,2018,68.31,80,667,Closed
Superior University Lahore,Economics,2017,62.58,80,600,Closed
Air University Islamabad,Software Engineering,2015,85.25,50,595,Closed
Lahore University of Management Sciences (LUMS),Electrical Engineering,2019,99.5,80,1662,Closed
Riphah International University,Chemical Engineering,2017,70.81,80,553,Closed
University of Sargodha,Electrical Engineering,2015,69.37,150,1752,Closed
University of Gujrat,Civil Engineering,2018,65.47,60,672,Closed
Mehran University of Engineering and Technology,Chemical Engineering,2016,74.52,150,1796,Closed
Punjab University (PU),Mechanical Engineering,2021,84.79,60,887,Closed
Institute of Space Technology (IST),Computer Science,2018,90.49,100,555,Closed
Institute of Space Technology (IST),Computer Science,2020,90.54,40,583,Closed
NED University of Engineering and Technology,Mechanical Engineering,2021,86.67,100,1810,Closed
FAST National University,Business Administration,2015,83.39,120,652,Closed
Lahore University of Management Sciences (LUMS),Artificial Intelligence,2022,99.5,120,1591,Closed
University of Sargodha,Civil Engineering,2015,63.87,40,232,Closed
Superior University Lahore,Data Science,2017,71.67,120,1453,Closed
FAST National University,Business Administration,2016,83.49,120,1548,Closed
Superior University Lahore,Chemical Engineering,2024,66.98,60,704,Closed
University of Engineering and Technology (UET) Taxila,Chemical Engineering,2016,87.96,60,1102,Closed
University of Central Punjab (UCP),Chemical Engineering,2023,69.01,150,1749,Closed
University of Agriculture Faisalabad (UAF),Mechanical Engineering,2016,69.24,40,483,Closed
Riphah International University,Biomedical Engineering,2018,71.02,150,1963,Closed
National University of Sciences and Technology (NUST),Artificial Intelligence,2021,99.5,80,1036,Closed
Mehran University of Engineering and Technology,Software Engineering,2020,80.1,50,651,Closed
NED University of Engineering and Technology,Computer Science,2022,91.07,100,708,Closed
University of Management and Technology (UMT),Electrical Engineering,2015,70.89,60,295,Closed
National University of Sciences and Technology (NUST),Business Administration,2018,92.36,150,1314,Closed
University of Agriculture Faisalabad (UAF),Civil Engineering,2018,67.73,80,598,Closed
University of Karachi,Computer Science,2019,79.52,50,834,Closed
Riphah International University,Electrical Engineering,2017,72.33,60,909,Closed
Bahauddin Zakariya University (BZU) Multan,Civil Engineering,2015,68.98,40,431,Closed
Lahore University of Management Sciences (LUMS),Economics,2016,94.39,50,426,Closed
FAST National University,Biomedical Engineering,2018,91.6,80,1167,Closed
Superior University Lahore,Data Science,2024,73.44,120,930,Closed
Punjab University (PU),Software Engineering,2021,85.12,120,1855,Closed
Bahauddin Zakariya University (BZU) Multan,Data Science,2017,80.26,80,868,Closed
Ghulam Ishaq Khan Institute (GIKI),Mechanical Engineering,2019,92.92,120,960,Closed
Bahria University,Software Engineering,2019,84.53,120,1917,Closed
FAST National University,Business Administration,2017,82.3,120,940,Closed
University of Management and Technology (UMT),Civil Engineering,2016,65.11,80,354,Closed
Superior University Lahore,Artificial Intelligence,2015,72.11,50,446,Closed
University of Sargodha,Business Administration,2021,64.66,80,630,Closed
University of Karachi,Computer Science,2023,83.11,80,926,Closed
Ghulam Ishaq Khan Institute (GIKI),Business Administration,2018,88.17,50,809,Closed
FAST National University,Biomedical Engineering,2024,95.45,60,1116,Closed
Riphah International University,Chemical Engineering,2020,72.76,120,568,Closed
University of the Punjab (Gujranwala Campus),Economics,2015,169.35,40,512,Closed
NED University of Engineering and Technology,Civil Engineering,2023,84.09,100,1055,Closed
Institute of Space Technology (IST),Electrical Engineering,2017,86.03,50,841,Closed
COMSATS University Islamabad,Data Science,2024,88.02,40,643,Closed
University of the Punjab (Gujranwala Campus),Business Administration,2016,68.92,50,375,Closed
Ghulam Ishaq Khan Institute (GIKI),Mechanical Engineering,2024,91.24,80,547,Closed
Lahore University of Management Sciences (LUMS),Mathematics,2018,91.0,60,1127,Closed
Superior University Lahore,Software Engineering,2015,66.6,40,485,Closed
Mehran University of Engineering and Technology,Artificial Intelligence,2019,85.48,50,281,Closed
University of Gujrat,Chemical Engineering,2016,69.32,120,1546,Closed
University of Engineering and Technology (UET) Taxila,Artificial Intelligence,2022,94.23,120,1693,Closed
Bahria University,Civil Engineering,2016,74.41,150,866,Closed
National University of Sciences and Technology (NUST),Computer Science,2020,99.5,60,722,Closed
University of Karachi,Chemical Engineering,2022,79.83,60,938,Closed
Mehran University of Engineering and Technology,Business Administration,2015,,120,1421,Closed
Riphah International University,Software Engineering,2024,78.01,80,722,Closed
Institute of Space Technology (IST),Business Administration,2020,80.1,80,622,Closed
Punjab University (PU),Electrical Engineering,2023,87.83,50,669,Closed
Bahauddin Zakariya University (BZU) Multan,Civil Engineering,2016,66.24,120,1001,Closed
Mehran University of Engineering and Technology,Chemical Engineering,2018,76.63,150,1268,Closed
Lahore University of Management Sciences (LUMS),Artificial Intelligence,2021,99.5,40,344,Closed
Bahauddin Zakariya University (BZU) Multan,Civil Engineering,2018,69.2,40,502,Closed
Mehran University of Engineering and Technology,Mathematics,2017,74.41,120,1131,Closed
University of Central Punjab (UCP),Civil Engineering,2015,,80,755,Closed
NED University of Engineering and Technology,Civil Engineering,2021,85.43,100,1085,Closed
Mehran University of Engineering and Technology,Software Engineering,2016,76.73,100,913,Closed
Superior University Lahore,Economics,2022,63.97,80,933,Closed
FAST National University,Electrical Engineering,2024,91.93,120,1689,Closed
University of Agriculture Faisalabad (UAF),Mechanical Engineering,2020,70.36,150,840,Closed
Islamia University of Bahawalpur,Mechanical Engineering,2024,67.73,50,663,Closed
University of Gujrat,Chemical Engineering,2017,66.95,60,769,Closed
National University of Sciences and Technology (NUST),Business Administration,2015,90.94,60,995,Closed
University of Central Punjab (UCP),Data Science,2024,75.78,100,1549,Closed
Superior University Lahore,Computer Science,2023,73.92,50,327,Closed
University of Management and Technology (UMT),Biomedical Engineering,2015,72.41,120,986,Closed
Superior University Lahore,Data Science,2022,75.81,40,476,Closed
Bahauddin Zakariya University (BZU) Multan,Software Engineering,2022,76.57,50,544,Closed
University of Central Punjab (UCP),Biomedical Engineering,2020,74.77,50,242,Closed
Islamia University of Bahawalpur,Business Administration,2022,64.65,50,319,Closed
NED University of Engineering and Technology,Business Administration,2018,81.69,50,857,Closed
Institute of Space Technology (IST),Software Engineering,2016,84.28,80,491,Closed
University of Management and Technology (UMT),Chemical Engineering,2020,74.59,60,452,Closed
Bahria University,Civil Engineering,2024,75.99,50,466,Closed
University of Agriculture Faisalabad (UAF),Civil Engineering,2019,68.53,80,947,Closed
Ghulam Ishaq Khan Institute (GIKI),Mathematics,2019,88.8,120,862,Closed
Air University Islamabad,Chemical Engineering,2024,82.22,40,365,Closed
University of Karachi,Software Engineering,2018,79.25,40,504,Closed
University of Sargodha,Mechanical Engineering,2019,65.08,150,1993,Closed
Mehran University of Engineering and Technology,Electrical Engineering,2015,74.85,50,400,Closed
Bahauddin Zakariya University (BZU) Multan,Artificial Intelligence,2024,82.01,100,681,Closed
University of Karachi,Civil Engineering,2019,70.21,120,1037,Closed
Quaid-i-Azam University (QAU),Software Engineering,2019,90.99,60,715,Closed
Islamia University of Bahawalpur,Artificial Intelligence,2015,73.97,60,671,Closed
Ghulam Ishaq Khan Institute (GIKI),Mechanical Engineering,2016,88.08,60,840,Closed
University of Sargodha,Chemical Engineering,2019,67.73,40,196,Closed
FAST National University,Computer Science,2018,92.82,60,1058,Closed
NED University of Engineering and Technology,Economics,2022,122.33,80,1433,Closed
University of Karachi,Computer Science,2020,78.62,150,1348,Closed
University of Engineering and Technology (UET) Lahore,Business Administration,2017,,80,1335,Closed
NED University of Engineering and Technology,Chemical Engineering,2015,82.27,150,878,Closed
Riphah International University,Chemical Engineering,2022,75.53,100,1359,Closed
Punjab University (PU),Biomedical Engineering,2022,85.5,50,427,Closed
University of Agriculture Faisalabad (UAF),Computer Science,2020,74.75,50,493,Closed
University of the Punjab (Gujranwala Campus),Mathematics,2020,70.19,120,1770,Closed
Islamia University of Bahawalpur,Artificial Intelligence,2024,77.22,,687,Closed
Islamia University of Bahawalpur,Data Science,2020,76.02,80,1251,Closed
COMSATS University Islamabad,Computer Science,2023,87.34,120,1158,Closed
FAST National University,Software Engineering,2017,90.95,60,700,Closed
Quaid-i-Azam University (QAU),Mathematics,2020,85.75,40,498,Closed
Mehran University of Engineering and Technology,Economics,2016,75.49,50,511,Closed
Islamia University of Bahawalpur,Computer Science,2018,75.85,80,645,Closed
University of Agriculture Faisalabad (UAF),Artificial Intelligence,2015,74.59,150,1001,Closed
University of Engineering and Technology (UET) Taxila,Artificial Intelligence,2018,90.46,100,795,Closed
University of Management and Technology (UMT),Business Administration,2022,,150,799,Closed
University of Central Punjab (UCP),Chemical Engineering,2020,72.07,100,1105,Closed
Riphah International University,Artificial Intelligence,2022,79.84,80,1210,Closed
Lahore University of Management Sciences (LUMS),Electrical Engineering,2020,99.5,100,1947,Closed
Islamia University of Bahawalpur,Computer Science,2022,75.24,100,1318,Closed
Ghulam Ishaq Khan Institute (GIKI),Data Science,2021,96.68,100,1156,Closed
University of Management and Technology (UMT),Mechanical Engineering,2022,70.75,150,2130,Closed
University of Sargodha,Civil Engineering,2019,62.85,150,1316,Closed
Superior University Lahore,Business Administration,2023,63.46,80,317,Closed
Ghulam Ishaq Khan Institute (GIKI),Artificial Intelligence,2023,99.5,120,2092,Closed
Islamia University of Bahawalpur,Economics,2016,67.6,80,1152,Closed
Punjab University (PU),Chemical Engineering,2018,83.59,50,521,Closed
University of the Punjab (Gujranwala Campus),Chemical Engineering,2024,77.17,100,621,Closed
University of Gujrat,Mechanical Engineering,2016,68.61,40,579,Closed
Lahore University of Management Sciences (LUMS),Data Science,2018,99.5,80,1520,Closed
Islamia University of Bahawalpur,Mathematics,2023,66.2,80,884,Closed
Superior University Lahore,Business Administration,2020,64.43,60,689,Closed
Lahore University of Management Sciences (LUMS),Artificial Intelligence,2016,99.5,120,1573,Closed
Air University Islamabad,Electrical Engineering,2019,82.82,60,394,Closed
University of Sargodha,Economics,2019,67.45,80,690,Closed
Institute of Space Technology (IST),Computer Science,2023,88.4,80,1135,Closed
University of Management and Technology (UMT),Business Administration,2015,68.18,150,918,Closed
NED University of Engineering and Technology,Mechanical Engineering,2023,82.8,120,1661,Closed
Ghulam Ishaq Khan Institute (GIKI),Artificial Intelligence,2022,99.5,100,910,Closed
COMSATS University Islamabad,Mathematics,2022,80.03,80,567,Closed
FAST National University,Data Science,2020,95.55,150,2631,Closed
University of Gujrat,Artificial Intelligence,2020,76.4,60,761,Closed
Mehran University of Engineering and Technology,Electrical Engineering,2021,77.9,100,578,Closed
Punjab University (PU),Software Engineering,2016,84.98,50,664,Closed
Lahore University of Management Sciences (LUMS),Mathematics,2023,96.39,100,1454,Closed
Mehran University of Engineering and Technology,Software Engineering,2023,81.37,50,696,Closed
Islamia University of Bahawalpur,Economics,2021,69.69,80,351,Closed
Punjab University (PU),Computer Science,2018,89.25,120,2262,Closed
University of Management and Technology (UMT),Computer Science,2021,77.22,150,794,Closed
FAST National University,Data Science,2015,90.92,50,459,Closed
NED University of Engineering and Technology,Biomedical Engineering,2024,85.79,120,1941,Closed
University of Engineering and Technology (UET) Lahore,Economics,2016,89.32,60,997,Closed
Bahauddin Zakariya University (BZU) Multan,Computer Science,2016,78.23,50,674,Closed
University of Karachi,Software Engineering,2023,78.75,40,353,Closed
University of Management and Technology (UMT),Electrical Engineering,2018,72.37,80,994,Closed
Institute of Space Technology (IST),Business Administration,2024,85.86,40,544,Closed
Institute of Space Technology (IST),Chemical Engineering,2021,85.64,150,2410,Closed
University of Karachi,Chemical Engineering,2023,73.1,60,302,Closed
Bahria University,Mathematics,2021,77.39,40,476,Closed
University of Engineering and Technology (UET) Lahore,Chemical Engineering,2021,93.45,60,530,Closed
Mehran University of Engineering and Technology,Mechanical Engineering,2019,74.85,40,357,Closed
Bahria University,Biomedical Engineering,2017,81.68,40,496,Closed
University of Karachi,Computer Science,2024,81.52,50,526,Closed
University of Engineering and Technology (UET) Taxila,Software Engineering,2018,88.8,60,457,Closed
National University of Sciences and Technology (NUST),Data Science,2016,99.5,60,1261,Closed
University of Central Punjab (UCP),Civil Engineering,2024,65.97,50,409,Closed
Superior University Lahore,Business Administration,2018,65.3,40,317,Closed
University of Management and Technology (UMT),Artificial Intelligence,2019,75.94,150,1356,Closed
National University of Sciences and Technology (NUST),Artificial Intelligence,2022,99.5,60,1140,Closed
Bahria University,Artificial Intelligence,2022,86.44,150,1778,Closed
University of Engineering and Technology (UET) Taxila,Mechanical Engineering,2018,86.28,120,1654,Closed
National University of Sciences and Technology (NUST),Mathematics,2018,91.97,60,534,Closed
University of the Punjab (Gujranwala Campus),Economics,2016,70.02,40,196,Closed
Bahria University,Economics,2015,77.88,60,939,Closed
University of Engineering and Technology (UET) Taxila,Software Engineering,2016,89.93,120,1714,Closed
University of Karachi,Mechanical Engineering,2018,73.68,100,598,Closed
Superior University Lahore,Mathematics,2018,64.9,60,722,Closed
Mehran University of Engineering and Technology,Civil Engineering,2018,74.03,100,1056,Closed
Mehran University of Engineering and Technology,Economics,2016,75.49,50,511,Closed
Mehran University of Engineering and Technology,Mechanical Engineering,2021,78.47,150,1623,Closed
University of Management and Technology (UMT),Mechanical Engineering,2021,69.34,50,295,Closed
Riphah International University,Electrical Engineering,2019,75.43,150,1658,Closed
Punjab University (PU),Civil Engineering,2017,76.19,50,499,Closed
Superior University Lahore,Economics,2020,66.96,60,612,Closed
Mehran University of Engineering and Technology,Economics,2017,75.66,150,1121,Closed
COMSATS University Islamabad,Computer Science,2020,83.92,150,2593,Closed
Punjab University (PU),Software Engineering,2024,85.99,60,835,Closed
University of Sargodha,Mathematics,2018,64.89,100,976,Closed
Lahore University of Management Sciences (LUMS),Biomedical Engineering,2017,97.65,40,511,Closed
University of Agriculture Faisalabad (UAF),Chemical Engineering,2021,71.25,150,1974,Closed
Air University Islamabad,Economics,2024,82.88,120,1909,Closed
National University of Sciences and Technology (NUST),Artificial Intelligence,2016,98.11,100,1221,Closed
University of Karachi,Civil Engineering,2024,71.48,60,869,Closed
University of Engineering and Technology (UET) Lahore,Mechanical Engineering,2021,90.89,40,256,Closed
Riphah International University,Electrical Engineering,2016,72.32,80,901,Closed
University of Engineering and Technology (UET) Lahore,Biomedical Engineering,2015,92.25,40,720,Closed
University of Karachi,Electrical Engineering,2019,78.73,100,1464,Closed
Quaid-i-Azam University (QAU),Business Administration,2022,88.54,100,516,Closed
University of Management and Technology (UMT),Mechanical Engineering,2017,69.8,40,378,Closed
Mehran University of Engineering and Technology,Business Administration,2018,75.6,150,914,Closed
University of Central Punjab (UCP),Business Administration,2019,65.77,50,204,Closed
University of Central Punjab (UCP),Computer Science,2022,77.6,40,467,Closed
FAST National University,Economics,2024,85.58,100,1461,Closed
University of Engineering and Technology (UET) Lahore,Business Administration,2015,89.81,50,391,Closed
Mehran University of Engineering and Technology,Computer Science,2021,83.81,150,2023,Closed
Mehran University of Engineering and Technology,Chemical Engineering,2015,75.03,60,804,Closed
Bahauddin Zakariya University (BZU) Multan,Software Engineering,2016,76.08,40,479,Closed
Superior University Lahore,Computer Science,2017,71.69,120,860,Closed
National University of Sciences and Technology (NUST),Artificial Intelligence,2023,99.5,80,759,Closed
University of Sargodha,Civil Engineering,2021,62.69,60,459,Closed
Air University Islamabad,Software Engineering,2017,83.84,40,612,Closed
NED University of Engineering and Technology,Chemical Engineering,2016,82.18,100,906,Closed
University of Gujrat,Computer Science,2019,74.02,120,1194,Closed
University of Karachi,Business Administration,2022,71.53,40,485,Closed
Mehran University of Engineering and Technology,Mathematics,2018,73.88,50,650,Closed
NED University of Engineering and Technology,Computer Science,2024,93.88,150,1647,Closed
University of Engineering and Technology (UET) Lahore,Chemical Engineering,2017,93.51,40,563,Closed
University of the Punjab (Gujranwala Campus),Civil Engineering,2015,70.27,150,695,Closed
University of Gujrat,Electrical Engineering,2018,69.59,150,1195,Closed
University of Agriculture Faisalabad (UAF),Mechanical Engineering,2019,68.63,60,876,Closed
Bahauddin Zakariya University (BZU) Multan,Economics,2016,69.86,80,937,Closed
Ghulam Ishaq Khan Institute (GIKI),Artificial Intelligence,2020,98.05,40,389,Closed
Mehran University of Engineering and Technology,Civil Engineering,2020,72.66,60,506,Closed
Institute of Space Technology (IST),Business Administration,2021,82.44,60,826,Closed
Riphah International University,Economics,2023,68.79,60,873,Closed
NED University of Engineering and Technology,Civil Engineering,2022,85.09,50,638,Closed
University of Sargodha,Software Engineering,2024,73.78,100,1493,Closed
FAST National University,Software Engineering,2022,88.92,80,683,Closed
Punjab University (PU),Software Engineering,2018,87.07,120,2029,Closed
Bahria University,Computer Science,2022,89.04,100,1695,Closed
Bahria University,Mechanical Engineering,2020,75.52,80,956,Closed
Air University Islamabad,Electrical Engineering,2021,84.7,100,1074,Closed
National University of Sciences and Technology (NUST),Software Engineering,2017,97.4,150,2599,Closed
Lahore University of Management Sciences (LUMS),Chemical Engineering,2021,99.5,120,1354,Closed
Mehran University of Engineering and Technology,Artificial Intelligence,2020,81.73,80,989,Closed
Air University Islamabad,Computer Science,2022,87.1,50,656,Closed
National University of Sciences and Technology (NUST),Computer Science,2021,99.5,50,620,Closed
Air University Islamabad,Artificial Intelligence,2019,88.61,120,1116,Closed
National University of Sciences and Technology (NUST),Electrical Engineering,2023,96.55,150,2156,Closed
Superior University Lahore,Data Science,2015,70.53,120,679,Closed
National University of Sciences and Technology (NUST),Economics,2019,93.01,100,1274,Closed
Institute of Space Technology (IST),Biomedical Engineering,2020,84.28,60,424,Closed
University of Management and Technology (UMT),Artificial Intelligence,2020,76.89,120,1925,Closed
University of Gujrat,Civil Engineering,2017,62.79,50,576,Closed
Lahore University of Management Sciences (LUMS),Civil Engineering,2017,90.8,80,1045,Closed
Lahore University of Management Sciences (LUMS),Economics,2024,94.99,150,2826,Closed
National University of Sciences and Technology (NUST),Chemical Engineering,2016,94.36,80,1509,Closed
Riphah International University,Mechanical Engineering,2023,69.45,80,699,Closed
University of Sargodha,Computer Science,2020,73.44,60,564,Closed
Bahauddin Zakariya University (BZU) Multan,Economics,2022,70.63,80,872,Closed
University of Engineering and Technology (UET) Lahore,Biomedical Engineering,2022,94.82,150,926,Closed
University of Karachi,Computer Science,2015,79.1,40,672,Closed
University of Sargodha,Computer Science,2017,73.58,100,1206,Closed
NED University of Engineering and Technology,Computer Science,2018,87.97,60,809,Closed
Punjab University (PU),Electrical Engineering,2019,82.58,60,1056,Closed
University of Karachi,Electrical Engineering,2015,77.2,150,1069,Closed
NED University of Engineering and Technology,Mathematics,2015,82.01,60,319,Closed
Bahria University,Data Science,2017,82.03,100,775,Closed
Mehran University of Engineering and Technology,Economics,2023,79.39,100,803,Closed
Mehran University of Engineering and Technology,Chemical Engineering,2022,77.23,100,487,Closed
National University of Sciences and Technology (NUST),Mechanical Engineering,2023,94.15,60,998,Closed
University of Central Punjab (UCP),Software Engineering,2021,73.15,50,402,Closed
University of Gujrat,Civil Engineering,2022,67.62,120,895,Closed
FAST National University,Artificial Intelligence,2022,94.96,120,847,Closed
Riphah International University,Data Science,2023,81.27,80,681,Closed
Riphah International University,Electrical Engineering,2018,74.59,60,922,Closed
Quaid-i-Azam University (QAU),Artificial Intelligence,2024,95.95,40,327,Closed
National University of Sciences and Technology (NUST),Civil Engineering,2021,94.23,50,983,Closed
University of the Punjab (Gujranwala Campus),Biomedical Engineering,2016,77.48,80,904,Closed
Bahauddin Zakariya University (BZU) Multan,Business Administration,2020,70.11,50,717,Closed
FAST National University,Economics,2017,83.19,40,363,Closed
Bahria University,Economics,2021,79.62,50,707,Closed
University of Karachi,Business Administration,2023,73.31,60,872,Closed
University of Gujrat,Economics,2022,68.13,120,1316,Closed
Superior University Lahore,Mechanical Engineering,2018,63.65,50,451,Closed
University of the Punjab (Gujranwala Campus),Data Science,2016,80.23,80,466,Closed
Bahria University,Electrical Engineering,2024,81.96,150,2267,Closed
COMSATS University Islamabad,Computer Science,2016,86.04,150,1455,Closed
NED University of Engineering and Technology,Computer Science,2020,91.12,50,617,Closed
Islamia University of Bahawalpur,Computer Science,2016,70.12,100,1083,Closed
University of Sargodha,Economics,2017,64.77,100,719,Closed
Air University Islamabad,Civil Engineering,2024,82.0,80,712,Closed
Punjab University (PU),Computer Science,2016,88.1,80,451,Closed
COMSATS University Islamabad,Economics,2022,81.05,150,1793,Closed
Islamia University of Bahawalpur,Chemical Engineering,2017,65.72,50,485,Closed
University of Central Punjab (UCP),Artificial Intelligence,2021,79.41,150,1277,Closed
Mehran University of Engineering and Technology,Data Science,2020,81.12,150,1299,Closed
Superior University Lahore,Business Administration,2022,66.2,120,934,Closed
Superior University Lahore,Economics,2018,62.18,80,1018,Closed
NED University of Engineering and Technology,Business Administration,2023,83.13,60,892,Closed
Bahauddin Zakariya University (BZU) Multan,Civil Engineering,2017,66.15,40,450,Closed
NED University of Engineering and Technology,Mathematics,2024,84.32,80,1176,Closed
Riphah International University,Mechanical Engineering,2021,72.65,120,805,Closed
Lahore University of Management Sciences (LUMS),Mathematics,2017,92.39,,867,Closed
Air University Islamabad,Economics,2017,80.53,40,509,Closed
Islamia University of Bahawalpur,Mechanical Engineering,2022,68.35,120,689,Closed
Lahore University of Management Sciences (LUMS),Civil Engineering,2018,92.7,150,821,Closed
University of Karachi,Data Science,2019,78.18,60,703,Closed
Punjab University (PU),Mathematics,2017,80.8,100,569,Closed
Punjab University (PU),Mathematics,2019,78.46,80,837,Closed
FAST National University,Economics,2016,84.56,50,807,Closed
University of Agriculture Faisalabad (UAF),Chemical Engineering,2015,69.17,40,422,Closed
University of Sargodha,Artificial Intelligence,2024,75.44,40,301,Closed
University of the Punjab (Gujranwala Campus),Mechanical Engineering,2016,73.01,40,248,Closed
NED University of Engineering and Technology,Business Administration,2022,84.97,60,355,Closed
University of Engineering and Technology (UET) Taxila,Biomedical Engineering,2015,86.11,,615,Closed
Air University Islamabad,Business Administration,2017,77.7,150,2359,Closed
University of Central Punjab (UCP),Mechanical Engineering,2021,68.88,120,1579,Closed
National University of Sciences and Technology (NUST),Data Science,2024,99.5,60,421,Closed
NED University of Engineering and Technology,Electrical Engineering,2022,86.6,120,2166,Closed
University of Management and Technology (UMT),Mechanical Engineering,2024,73.16,150,761,Closed
Riphah International University,Software Engineering,2021,75.9,40,424,Closed
University of the Punjab (Gujranwala Campus),Software Engineering,2024,79.52,100,641,Closed
University of Gujrat,Computer Science,2018,75.25,120,690,Closed
Punjab University (PU),Mathematics,2018,76.81,100,498,Closed
University of Gujrat,Biomedical Engineering,2022,73.62,80,424,Closed
Mehran University of Engineering and Technology,Computer Science,2018,80.24,120,1436,Closed
University of Engineering and Technology (UET) Lahore,Chemical Engineering,2016,93.14,50,307,Closed
National University of Sciences and Technology (NUST),Chemical Engineering,2022,96.81,120,2233,Closed
Superior University Lahore,Economics,2021,67.67,100,1221,Closed
Institute of Space Technology (IST),Computer Science,2016,89.2,150,2820,Closed
University of Engineering and Technology (UET) Taxila,Software Engineering,2015,86.08,150,2276,Closed
University of Engineering and Technology (UET) Lahore,Civil Engineering,2016,87.13,100,1116,Closed
COMSATS University Islamabad,Artificial Intelligence,2021,88.13,150,2240,Closed
University of Engineering and Technology (UET) Taxila,Mechanical Engineering,2015,80.75,50,579,Closed
University of Engineering and Technology (UET) Taxila,Business Administration,2020,83.57,120,1380,Closed
Punjab University (PU),Software Engineering,2022,83.48,150,1468,Closed
Institute of Space Technology (IST),Economics,2023,87.1,50,629,Closed
Air University Islamabad,Mechanical Engineering,2020,79.56,60,566,Closed
University of Management and Technology (UMT),Mathematics,2018,69.03,40,386,Closed
Air University Islamabad,Data Science,2015,85.01,80,1378,Closed
Bahauddin Zakariya University (BZU) Multan,Civil Engineering,2021,68.74,40,248,Closed
University of Gujrat,Economics,2024,67.26,50,548,Closed
Riphah International University,Software Engineering,2018,74.7,50,286,Closed
FAST National University,Business Administration,2018,85.23,50,256,Closed
Bahria University,Software Engineering,2015,80.96,40,454,Closed
Institute of Space Technology (IST),Data Science,2023,90.91,40,678,Closed
Institute of Space Technology (IST),Biomedical Engineering,2015,84.34,80,1314,Closed
University of the Punjab (Gujranwala Campus),Software Engineering,2017,77.61,60,535,Closed
Bahauddin Zakariya University (BZU) Multan,Biomedical Engineering,2020,73.44,80,759,Closed
University of Sargodha,Software Engineering,2020,71.67,100,1357,Closed
National University of Sciences and Technology (NUST),Economics,2018,94.49,80,721,Closed
University of Agriculture Faisalabad (UAF),Biomedical Engineering,2019,74.75,120,1553,Closed
University of Engineering and Technology (UET) Lahore,Biomedical Engineering,2019,95.68,60,432,Closed
Bahauddin Zakariya University (BZU) Multan,Mathematics,2018,67.74,80,934,Closed
University of Gujrat,Mathematics,2018,63.79,80,746,Closed
University of Management and Technology (UMT),Economics,2018,68.72,120,852,Closed
National University of Sciences and Technology (NUST),Computer Science,2022,99.5,80,1007,Closed
Punjab University (PU),Computer Science,2021,88.1,120,843,Closed
University of Engineering and Technology (UET) Lahore,Mathematics,2022,93.68,80,457,Closed
University of Engineering and Technology (UET) Taxila,Software Engineering,2017,90.57,100,899,Closed
NED University of Engineering and Technology,Economics,2017,83.54,100,1788,Closed
University of Agriculture Faisalabad (UAF),Data Science,2021,77.83,100,1615,Closed
Institute of Space Technology (IST),Biomedical Engineering,2022,88.72,120,1435,Closed
University of Karachi,Mathematics,2022,73.7,60,437,Closed
University of Engineering and Technology (UET) Taxila,Computer Science,2017,90.47,80,749,Closed
Islamia University of Bahawalpur,Biomedical Engineering,2024,74.49,50,566,Closed
Islamia University of Bahawalpur,Artificial Intelligence,2019,73.87,100,1450,Closed
National University of Sciences and Technology (NUST),Civil Engineering,2020,90.81,100,1894,Closed
COMSATS University Islamabad,Economics,2021,77.57,120,1583,Closed
National University of Sciences and Technology (NUST),Data Science,2015,99.5,60,1020,Closed
University of Karachi,Mathematics,2016,73.18,40,587,Closed
Bahria University,Biomedical Engineering,2016,82.91,40,566,Closed
University of Agriculture Faisalabad (UAF),Chemical Engineering,2016,68.7,50,419,Closed
University of Karachi,Biomedical Engineering,2021,80.05,120,1840,Closed
Institute of Space Technology (IST),Software Engineering,2019,87.37,150,2754,Closed
Punjab University (PU),Business Administration,2024,77.55,100,623,Closed
Air University Islamabad,Civil Engineering,2021,80.51,40,483,Closed
National University of Sciences and Technology (NUST),Civil Engineering,2019,93.04,80,1243,Closed
Bahria University,Artificial Intelligence,2020,87.5,120,913,Closed
Islamia University of Bahawalpur,Mechanical Engineering,2016,66.74,40,561,Closed
University of Engineering and Technology (UET) Taxila,Artificial Intelligence,2020,94.59,40,666,Closed
Punjab University (PU),Mechanical Engineering,2020,83.46,60,1005,Closed
University of Central Punjab (UCP),Mathematics,2015,64.39,80,900,Closed
University of Gujrat,Artificial Intelligence,2015,75.23,150,1871,Closed
Quaid-i-Azam University (QAU),Chemical Engineering,2017,86.62,60,576,Closed
Quaid-i-Azam University (QAU),Computer Science,2020,95.28,150,2565,Closed
Punjab University (PU),Electrical Engineering,2018,82.14,80,485,Closed
Air University Islamabad,Computer Science,2015,84.91,120,1319,Closed
Lahore University of Management Sciences (LUMS),Software Engineering,2016,99.5,80,1326,Closed
Mehran University of Engineering and Technology,Civil Engineering,2023,76.07,50,263,Closed
Institute of Space Technology (IST),Mechanical Engineering,2021,83.13,150,751,Closed
Air University Islamabad,Software Engineering,2019,85.04,150,1385,Closed
National University of Sciences and Technology (NUST),Mechanical Engineering,2017,95.01,80,696,Closed
National University of Sciences and Technology (NUST),Electrical Engineering,2017,94.52,50,893,Closed
Mehran University of Engineering and Technology,Artificial Intelligence,2022,87.87,50,561,Closed
University of Agriculture Faisalabad (UAF),Civil Engineering,2024,71.4,40,217,Closed
FAST National University,Electrical Engineering,2019,90.39,120,1421,Closed
University of Gujrat,Civil Engineering,2021,64.33,80,439,Closed
Punjab University (PU),Software Engineering,2017,87.62,120,750,Closed
University of Sargodha,Business Administration,2020,64.21,50,189,Closed
University of Central Punjab (UCP),Electrical Engineering,2023,72.68,50,703,Closed
Islamia University of Bahawalpur,Business Administration,2023,67.48,60,767,Closed
Superior University Lahore,Electrical Engineering,2015,65.12,120,1301,Closed
University of Engineering and Technology (UET) Taxila,Data Science,2023,95.52,150,1323,Closed
Superior University Lahore,Mathematics,2023,65.2,150,940,Closed
Punjab University (PU),Biomedical Engineering,2021,86.01,100,1747,Closed
NED University of Engineering and Technology,Civil Engineering,2024,84.11,60,670,Closed
Ghulam Ishaq Khan Institute (GIKI),Mechanical Engineering,2021,93.03,80,880,Closed
Punjab University (PU),Artificial Intelligence,2023,89.79,150,1081,Closed
Bahria University,Economics,2024,83.28,80,819,Closed
Bahria University,Economics,2018,77.43,60,373,Closed
University of Karachi,Mathematics,2024,73.61,60,289,Closed
Quaid-i-Azam University (QAU),Mechanical Engineering,2017,87.98,150,1339,Closed
Lahore University of Management Sciences (LUMS),Economics,2022,95.51,120,671,Closed
University of Engineering and Technology (UET) Lahore,Economics,2017,88.7,120,931,Closed
University of Central Punjab (UCP),Mathematics,2020,65.77,40,195,Closed
University of Gujrat,Electrical Engineering,2019,72.31,100,1167,Closed
National University of Sciences and Technology (NUST),Economics,2015,92.26,40,341,Closed
University of Engineering and Technology (UET) Taxila,Electrical Engineering,2019,89.21,60,742,Closed
Islamia University of Bahawalpur,Business Administration,2017,64.07,50,653,Closed
FAST National University,Data Science,2018,94.09,150,2407,Closed
COMSATS University Islamabad,Mathematics,2018,77.85,100,893,Closed
NED University of Engineering and Technology,Biomedical Engineering,2016,85.1,60,656,Closed
Superior University Lahore,Software Engineering,2023,72.02,80,1219,Closed
University of the Punjab (Gujranwala Campus),Electrical Engineering,2015,72.08,50,611,Closed
COMSATS University Islamabad,Computer Science,2015,82.15,100,1377,Closed
Punjab University (PU),Chemical Engineering,2015,82.06,80,1401,Closed
Bahauddin Zakariya University (BZU) Multan,Biomedical Engineering,2015,73.38,50,252,Closed
University of Karachi,Artificial Intelligence,2015,77.62,100,1371,Closed
Riphah International University,Software Engineering,2022,75.43,40,289,Closed
Quaid-i-Azam University (QAU),Mathematics,2015,83.6,50,678,Closed
University of Karachi,Mathematics,2023,73.46,80,531,Closed
University of Gujrat,Mathematics,2023,70.91,50,372,Closed
Air University Islamabad,Economics,2015,77.98,80,1111,Closed
University of Karachi,Economics,2017,72.74,80,432,Closed
Islamia University of Bahawalpur,Data Science,2016,71.38,60,746,Closed
Quaid-i-Azam University (QAU),Chemical Engineering,2015,89.0,80,528,Closed
Lahore University of Management Sciences (LUMS),Civil Engineering,2024,92.5,60,668,Closed
University of Management and Technology (UMT),Chemical Engineering,2023,71.93,80,509,Closed
Islamia University of Bahawalpur,Artificial Intelligence,2017,75.6,60,822,Closed
Superior University Lahore,Data Science,2018,72.0,40,399,Closed
University of Management and Technology (UMT),Artificial Intelligence,2024,79.51,40,263,Closed
Air University Islamabad,Electrical Engineering,2020,82.25,50,345,Closed
Punjab University (PU),Chemical Engineering,2019,82.77,150,1594,Closed
University of Gujrat,Civil Engineering,2023,65.0,120,940,Closed
University of Sargodha,Mathematics,2016,62.78,100,1191,Closed
Bahauddin Zakariya University (BZU) Multan,Computer Science,2017,76.3,,749,Closed
University of Engineering and Technology (UET) Lahore,Electrical Engineering,2016,91.0,100,1290,Closed
University of Karachi,Civil Engineering,2015,68.05,100,520,Closed
National University of Sciences and Technology (NUST),Mechanical Engineering,2021,95.31,40,602,Closed
Lahore University of Management Sciences (LUMS),Electrical Engineering,2018,98.29,50,708,Closed
COMSATS University Islamabad,Data Science,2019,83.1,120,1786,Closed
University of Engineering and Technology (UET) Lahore,Economics,2024,90.21,100,1827,Closed
University of Karachi,Mathematics,2017,70.82,80,1096,Closed
University of Management and Technology (UMT),Biomedical Engineering,2022,75.79,150,2405,Closed
Superior University Lahore,Data Science,2019,70.55,150,1314,Closed
Institute of Space Technology (IST),Mathematics,2022,83.37,80,1333,Closed
Ghulam Ishaq Khan Institute (GIKI),Artificial Intelligence,2018,97.72,100,1001,Closed
Lahore University of Management Sciences (LUMS),Software Engineering,2019,98.38,60,340,Closed
University of Engineering and Technology (UET) Taxila,Computer Science,2018,90.48,50,747,Closed
NED University of Engineering and Technology,Civil Engineering,2016,78.41,60,725,Closed
Riphah International University,Software Engineering,2017,74.67,80,771,Closed
Islamia University of Bahawalpur,Electrical Engineering,2016,69.29,50,625,Closed
Mehran University of Engineering and Technology,Software Engineering,2019,79.34,50,364,Closed
University of Management and Technology (UMT),Economics,2016,71.57,120,1691,Closed
Lahore University of Management Sciences (LUMS),Computer Science,2023,99.5,40,438,Closed
University of Gujrat,Biomedical Engineering,2024,75.79,50,405,Closed
University of the Punjab (Gujranwala Campus),Civil Engineering,2020,73.78,50,573,Closed
Bahauddin Zakariya University (BZU) Multan,Biomedical Engineering,2021,74.58,60,680,Closed
Riphah International University,Business Administration,2016,67.96,50,351,Closed
FAST National University,Software Engineering,2015,89.69,80,1412,Closed
University of Central Punjab (UCP),Business Administration,2020,66.05,60,818,Closed
Bahria University,Data Science,2018,81.74,60,994,Closed
Bahria University,Chemical Engineering,2019,77.84,100,1215,Closed
Bahauddin Zakariya University (BZU) Multan,Data Science,2018,79.78,40,505,Closed
Riphah International University,Electrical Engineering,2023,74.47,40,569,Closed
Punjab University (PU),Chemical Engineering,2023,84.24,50,608,Closed
National University of Sciences and Technology (NUST),Artificial Intelligence,2018,99.5,80,1656,Closed
FAST National University,Artificial Intelligence,2023,93.74,120,2184,Closed
Mehran University of Engineering and Technology,Computer Science,2020,82.53,40,334,Closed
Punjab University (PU),Mechanical Engineering,2018,81.09,50,359,Closed
Punjab University (PU),Civil Engineering,2018,80.5,60,970,Closed
Institute of Space Technology (IST),Mechanical Engineering,2015,79.94,50,389,Closed
University of Sargodha,Computer Science,2018,69.64,60,535,Closed
University of Management and Technology (UMT),Computer Science,2017,75.71,80,453,Closed
FAST National University,Computer Science,2016,93.2,100,756,Closed
University of Engineering and Technology (UET) Taxila,Artificial Intelligence,2024,94.72,150,2118,Closed
University of Engineering and Technology (UET) Taxila,Electrical Engineering,2023,87.8,150,1723,Closed
University of Central Punjab (UCP),Data Science,2020,75.37,80,721,Closed
University of Agriculture Faisalabad (UAF),Data Science,2016,76.48,100,738,Closed
Islamia University of Bahawalpur,Business Administration,2020,66.4,80,680,Closed
FAST National University,Computer Science,2020,93.73,40,510,Closed
COMSATS University Islamabad,Data Science,2020,84.75,40,615,Closed
University of Engineering and Technology (UET) Taxila,Electrical Engineering,2024,87.69,150,1767,Closed
Ghulam Ishaq Khan Institute (GIKI),Civil Engineering,2016,88.86,60,599,Closed
National University of Sciences and Technology (NUST),Electrical Engineering,2015,96.1,100,1193,Closed
National University of Sciences and Technology (NUST),Chemical Engineering,2019,96.6,60,932,Closed
Punjab University (PU),Artificial Intelligence,2021,91.24,150,1996,Closed
University of Sargodha,Chemical Engineering,2018,65.22,100,1172,Closed
Air University Islamabad,Artificial Intelligence,2020,88.55,60,1130,Closed
Bahria University,Chemical Engineering,2023,83.47,50,663,Closed
University of Central Punjab (UCP),Data Science,2022,78.07,120,1296,Closed
University of the Punjab (Gujranwala Campus),Mechanical Engineering,2015,71.91,120,1679,Closed
Mehran University of Engineering and Technology,Civil Engineering,2016,72.13,40,182,Closed
Superior University Lahore,Business Administration,2017,65.5,60,461,Closed
Islamia University of Bahawalpur,Biomedical Engineering,2021,69.29,40,214,Closed
Bahria University,Artificial Intelligence,2024,84.4,50,633,Closed
University of Management and Technology (UMT),Mechanical Engineering,2023,72.46,60,418,Closed
University of Agriculture Faisalabad (UAF),Artificial Intelligence,2017,78.56,80,940,Closed
Bahauddin Zakariya University (BZU) Multan,Biomedical Engineering,2017,74.91,80,694,Closed
Quaid-i-Azam University (QAU),Business Administration,2016,86.47,40,725,Closed
Punjab University (PU),Artificial Intelligence,2024,89.51,150,2843,Closed
University of Sargodha,Civil Engineering,2018,64.69,100,457,Closed
Quaid-i-Azam University (QAU),Software Engineering,2015,88.03,100,605,Closed
NED University of Engineering and Technology,Computer Science,2015,86.66,60,618,Closed
University of the Punjab (Gujranwala Campus),Chemical Engineering,2018,74.29,40,500,Closed
Riphah International University,Mathematics,2017,66.39,100,439,Closed
Air University Islamabad,Software Engineering,2024,85.97,150,2072,Closed
Bahria University,Computer Science,2021,86.89,120,1440,Closed
Air University Islamabad,Data Science,2016,83.08,40,486,Closed
Ghulam Ishaq Khan Institute (GIKI),Software Engineering,2015,96.43,60,434,Closed
University of Management and Technology (UMT),Computer Science,2019,75.93,60,354,Closed
Punjab University (PU),Mechanical Engineering,2022,79.19,40,251,Closed
Superior University Lahore,Computer Science,2016,68.35,120,972,Closed
University of Sargodha,Electrical Engineering,2024,71.74,100,1161,Closed
Superior University Lahore,Business Administration,2015,60.45,40,465,Closed
Air University Islamabad,Artificial Intelligence,2023,88.19,100,1641,Closed
Lahore University of Management Sciences (LUMS),Business Administration,2018,93.59,120,2270,Closed
Islamia University of Bahawalpur,Chemical Engineering,2016,68.49,50,431,Closed
Islamia University of Bahawalpur,Data Science,2015,71.3,100,631,Closed
Air University Islamabad,Economics,2020,80.19,80,845,Closed
Ghulam Ishaq Khan Institute (GIKI),Mechanical Engineering,2023,94.45,150,2750,Closed
University of Engineering and Technology (UET) Lahore,Mechanical Engineering,2022,89.43,150,1889,Closed
Mehran University of Engineering and Technology,Economics,2019,72.91,40,476,Closed
Riphah International University,Biomedical Engineering,2022,73.13,80,1159,Closed
University of Agriculture Faisalabad (UAF),Mechanical Engineering,2021,71.63,60,845,Closed
University of Karachi,Data Science,2021,84.65,80,689,Closed
University of Karachi,Biomedical Engineering,2016,77.8,150,2438,Closed
National University of Sciences and Technology (NUST),Data Science,2019,98.66,50,776,Closed
Riphah International University,Civil Engineering,2015,64.74,80,536,Closed
National University of Sciences and Technology (NUST),Mechanical Engineering,2024,96.15,150,1779,Closed
NED University of Engineering and Technology,Economics,2015,82.87,120,1607,Closed
University of Karachi,Mechanical Engineering,2021,73.43,120,1746,Closed
University of Engineering and Technology (UET) Lahore,Civil Engineering,2020,86.6,120,1386,Closed
University of Sargodha,Electrical Engineering,2020,70.11,40,565,Closed
Bahria University,Software Engineering,2016,81.11,80,377,Closed
FAST National University,Biomedical Engineering,2017,91.56,50,554,Closed
Riphah International University,Biomedical Engineering,2017,74.17,80,1243,Closed
University of Karachi,Mathematics,2021,74.52,50,369,Closed
National University of Sciences and Technology (NUST),Software Engineering,2019,98.83,50,396,Closed
University of the Punjab (Gujranwala Campus),Economics,2021,70.63,60,611,Closed
Institute of Space Technology (IST),Data Science,2015,89.2,150,2742,Closed
Institute of Space Technology (IST),Software Engineering,2022,91.31,120,2079,Closed
University of Agriculture Faisalabad (UAF),Computer Science,2015,77.72,50,436,Closed
FAST National University,Computer Science,2024,97.55,60,933,Closed
University of Sargodha,Software Engineering,2015,66.61,80,1116,Closed
University of Sargodha,Mechanical Engineering,2017,62.03,100,1174,Closed
Mehran University of Engineering and Technology,Mathematics,2022,76.13,60,631,Closed
Bahauddin Zakariya University (BZU) Multan,Civil Engineering,2019,69.76,150,1932,Closed
Islamia University of Bahawalpur,Electrical Engineering,2024,72.55,60,255,Closed
Quaid-i-Azam University (QAU),Computer Science,2016,93.26,100,1379,Closed
COMSATS University Islamabad,Chemical Engineering,2024,139.26,50,865,Closed
NED University of Engineering and Technology,Artificial Intelligence,2020,90.13,80,1411,Closed
NED University of Engineering and Technology,Artificial Intelligence,2022,91.67,60,382,Closed
University of Agriculture Faisalabad (UAF),Chemical Engineering,2022,73.27,60,898,Closed
University of Agriculture Faisalabad (UAF),Data Science,2015,74.95,50,214,Closed
Lahore University of Management Sciences (LUMS),Software Engineering,2015,99.5,50,326,Closed
Quaid-i-Azam University (QAU),Artificial Intelligence,2023,97.5,50,330,Closed
Islamia University of Bahawalpur,Economics,2020,68.07,80,637,Closed
Ghulam Ishaq Khan Institute (GIKI),Biomedical Engineering,2024,,50,654,Closed
University of Engineering and Technology (UET) Taxila,Data Science,2020,94.94,120,1099,Closed
University of the Punjab (Gujranwala Campus),Biomedical Engineering,2015,,,836,Closed
University of Management and Technology (UMT),Artificial Intelligence,2021,77.34,60,940,Closed
University of Engineering and Technology (UET) Lahore,Mathematics,2023,91.01,80,1333,Closed
University of the Punjab (Gujranwala Campus),Mathematics,2024,71.82,100,1472,Closed
Institute of Space Technology (IST),Mathematics,2015,82.48,60,847,Closed
FAST National University,Economics,2019,87.38,100,1425,Closed
Riphah International University,Software Engineering,2023,73.96,60,271,Closed
Mehran University of Engineering and Technology,Civil Engineering,2021,75.43,60,839,Closed
University of Gujrat,Civil Engineering,2024,64.19,80,537,Closed
University of Engineering and Technology (UET) Taxila,Artificial Intelligence,2017,92.07,150,2344,Closed
University of Management and Technology (UMT),Artificial Intelligence,2018,77.76,120,657,Closed
University of Agriculture Faisalabad (UAF),Mathematics,2016,70.82,60,324,Closed
University of Sargodha,Chemical Engineering,2022,68.11,50,687,Closed
NED University of Engineering and Technology,Biomedical Engineering,2023,89.53,50,331,Closed
FAST National University,Biomedical Engineering,2023,91.01,150,1842,Closed
Punjab University (PU),Computer Science,2022,92.14,40,482,Closed
University of Sargodha,Mechanical Engineering,2015,66.11,60,656,Closed
Riphah International University,Mechanical Engineering,2022,69.49,80,778,Closed
Islamia University of Bahawalpur,Biomedical Engineering,2016,67.64,120,1169,Closed
National University of Sciences and Technology (NUST),Computer Science,2015,99.5,120,1051,Closed
University of Agriculture Faisalabad (UAF),Business Administration,2015,,50,576,Closed
COMSATS University Islamabad,Economics,2019,77.79,100,895,Closed
Lahore University of Management Sciences (LUMS),Electrical Engineering,2021,96.08,150,2441,Closed
University of Engineering and Technology (UET) Taxila,Mathematics,2017,84.15,80,899,Closed
COMSATS University Islamabad,Data Science,2021,86.37,60,715,Closed
Superior University Lahore,Electrical Engineering,2024,68.64,120,1244,Closed
FAST National University,Biomedical Engineering,2020,88.74,100,830,Closed
Quaid-i-Azam University (QAU),Chemical Engineering,2018,86.83,120,1375,Closed
Ghulam Ishaq Khan Institute (GIKI),Software Engineering,2021,95.93,80,527,Closed
University of Engineering and Technology (UET) Lahore,Computer Science,2015,94.88,50,375,Closed
Punjab University (PU),Artificial Intelligence,2020,88.92,40,231,Closed
FAST National University,Artificial Intelligence,2024,96.38,60,1209,Closed
Lahore University of Management Sciences (LUMS),Software Engineering,2017,99.5,60,960,Closed
University of Agriculture Faisalabad (UAF),Mathematics,2021,70.46,40,567,Closed
University of Engineering and Technology (UET) Lahore,Electrical Engineering,2021,94.35,60,1187,Closed
University of Central Punjab (UCP),Electrical Engineering,2018,69.4,60,626,Closed
NED University of Engineering and Technology,Mathematics,2017,81.44,150,851,Closed
Ghulam Ishaq Khan Institute (GIKI),Electrical Engineering,2018,92.55,40,362,Closed
Lahore University of Management Sciences (LUMS),Economics,2020,92.82,120,839,Closed
University of the Punjab (Gujranwala Campus),Business Administration,2023,74.69,50,621,Closed
Islamia University of Bahawalpur,Mechanical Engineering,2023,69.59,100,1361,Closed
Bahria University,Computer Science,2017,83.01,40,366,Closed
University of the Punjab (Gujranwala Campus),Mathematics,2015,72.14,60,258,Closed
Superior University Lahore,Software Engineering,2019,68.03,40,307,Closed
Lahore University of Management Sciences (LUMS),Electrical Engineering,2024,99.5,50,916,Closed
University of Karachi,Economics,2022,74.66,50,313,Closed
Islamia University of Bahawalpur,Economics,2017,68.27,40,480,Closed
Bahria University,Mathematics,2019,77.77,120,1739,Closed
FAST National University,Biomedical Engineering,2022,91.51,50,932,Closed
Punjab University (PU),Electrical Engineering,2024,85.46,100,824,Closed
University of Central Punjab (UCP),Mathematics,2022,71.39,120,876,Closed
University of Agriculture Faisalabad (UAF),Biomedical Engineering,2017,72.48,50,767,Closed
University of Karachi,Mechanical Engineering,2016,73.17,60,828,Closed
NED University of Engineering and Technology,Business Administration,2015,166.39,40,272,Closed
COMSATS University Islamabad,Data Science,2023,86.46,150,2332,Closed
Quaid-i-Azam University (QAU),Electrical Engineering,2019,90.22,80,1350,Closed
University of Central Punjab (UCP),Economics,2020,70.14,60,763,Closed
FAST National University,Computer Science,2023,95.86,40,268,Closed
Mehran University of Engineering and Technology,Chemical Engineering,2021,79.42,80,451,Closed
Punjab University (PU),Computer Science,2019,85.18,100,1778,Closed
COMSATS University Islamabad,Electrical Engineering,2021,85.27,100,1187,Closed
Punjab University (PU),Computer Science,2017,88.0,150,1545,Closed
Riphah International University,Mathematics,2020,70.82,60,849,Closed
Superior University Lahore,Electrical Engineering,2016,68.82,120,644,Closed
Riphah International University,Economics,2020,69.05,100,514,Closed
University of Engineering and Technology (UET) Lahore,Electrical Engineering,2019,95.77,50,745,Closed
University of Sargodha,Chemical Engineering,2015,67.41,100,602,Closed
University of the Punjab (Gujranwala Campus),Software Engineering,2020,80.09,150,1940,Closed
University of Sargodha,Mechanical Engineering,2023,67.78,50,574,Closed
National University of Sciences and Technology (NUST),Economics,2024,94.76,100,1677,Closed
NED University of Engineering and Technology,Data Science,2016,91.7,50,793,Closed
Bahria University,Software Engineering,2021,85.33,40,296,Closed
University of Gujrat,Mechanical Engineering,2020,69.0,150,850,Closed
University of the Punjab (Gujranwala Campus),Electrical Engineering,2016,76.36,80,1125,Closed
Bahauddin Zakariya University (BZU) Multan,Business Administration,2023,68.98,50,301,Closed
Islamia University of Bahawalpur,Economics,2022,67.88,50,368,Closed
Bahria University,Chemical Engineering,2022,78.05,150,992,Closed
University of Engineering and Technology (UET) Taxila,Chemical Engineering,2018,88.35,150,1227,Closed
NED University of Engineering and Technology,Mathematics,2023,83.68,100,1300,Closed
University of Karachi,Electrical Engineering,2024,80.1,80,598,Closed
University of the Punjab (Gujranwala Campus),Chemical Engineering,2020,77.35,80,994,Closed
COMSATS University Islamabad,Civil Engineering,2017,77.4,150,2310,Closed
Institute of Space Technology (IST),Mechanical Engineering,2019,80.83,40,316,Closed
National University of Sciences and Technology (NUST),Computer Science,2023,99.5,150,2966,Closed
University of Gujrat,Mathematics,2024,72.06,80,1027,Closed
National University of Sciences and Technology (NUST),Software Engineering,2018,99.5,100,872,Closed
Riphah International University,Mathematics,2024,71.31,120,1032,Closed
University of Sargodha,Economics,2015,65.3,,1373,Closed
Institute of Space Technology (IST),Mechanical Engineering,2017,82.81,60,646,Closed
Institute of Space Technology (IST),Software Engineering,2024,89.14,60,974,Closed
Institute of Space Technology (IST),Chemical Engineering,2016,83.5,60,617,Closed
Air University Islamabad,Chemical Engineering,2015,78.95,40,525,Closed
University of Agriculture Faisalabad (UAF),Mechanical Engineering,2023,70.01,40,343,Closed
Air University Islamabad,Economics,2019,79.34,150,2405,Closed
Islamia University of Bahawalpur,Chemical Engineering,2018,69.84,40,379,Closed
University of Central Punjab (UCP),Mechanical Engineering,2018,67.89,120,1139,Closed
Riphah International University,Mechanical Engineering,2015,66.99,150,1256,Closed
Superior University Lahore,Business Administration,2021,64.17,120,1031,Closed
University of the Punjab (Gujranwala Campus),Data Science,2022,83.0,60,485,Closed
COMSATS University Islamabad,Data Science,2018,85.32,120,1355,Closed
Institute of Space Technology (IST),Economics,2024,86.77,80,454,Closed
Bahauddin Zakariya University (BZU) Multan,Data Science,2024,80.64,40,349,Closed
University of Management and Technology (UMT),Artificial Intelligence,2016,79.66,120,966,Closed
University of Gujrat,Civil Engineering,2020,66.52,150,833,Closed
Riphah International University,Mathematics,2023,71.6,120,1087,Closed
Air University Islamabad,Mechanical Engineering,2021,81.61,150,2355,Closed
NED University of Engineering and Technology,Chemical Engineering,2022,87.81,80,1018,Closed
COMSATS University Islamabad,Mechanical Engineering,2015,78.76,100,1530,Closed
NED University of Engineering and Technology,Economics,2024,87.91,60,306,Closed
NED University of Engineering and Technology,Mathematics,2018,80.33,100,1397,Closed
University of Karachi,Data Science,2020,77.89,40,493,Closed
University of Gujrat,Biomedical Engineering,2015,68.27,150,1282,Closed
Institute of Space Technology (IST),Software Engineering,2020,88.67,50,453,Closed
University of the Punjab (Gujranwala Campus),Business Administration,2020,73.59,100,671,Closed
Mehran University of Engineering and Technology,Computer Science,2019,80.72,100,595,Closed
Lahore University of Management Sciences (LUMS),Computer Science,2022,99.5,50,978,Closed
University of the Punjab (Gujranwala Campus),Chemical Engineering,2015,75.08,100,1597,Closed
Bahria University,Data Science,2023,86.23,60,1096,Closed
University of Central Punjab (UCP),Data Science,2015,74.56,120,1315,Closed
Institute of Space Technology (IST),Economics,2020,84.87,80,689,Closed
Bahria University,Computer Science,2024,83.31,120,863,Closed
Ghulam Ishaq Khan Institute (GIKI),Mathematics,2024,93.32,150,2870,Closed
University of Central Punjab (UCP),Electrical Engineering,2017,69.08,120,1012,Closed
Quaid-i-Azam University (QAU),Mechanical Engineering,2020,87.87,40,478,Closed
NED University of Engineering and Technology,Mathematics,2022,83.48,100,982,Closed
Mehran University of Engineering and Technology,Artificial Intelligence,2015,82.81,80,1222,Closed
COMSATS University Islamabad,Chemical Engineering,2016,80.19,60,973,Closed
University of Sargodha,Business Administration,2019,65.07,120,891,Closed
Institute of Space Technology (IST),Business Administration,2015,80.11,150,1782,Closed
University of Sargodha,Software Engineering,2017,67.57,50,226,Closed
University of Engineering and Technology (UET) Taxila,Mathematics,2023,87.73,120,1736,Closed
Air University Islamabad,Chemical Engineering,2017,80.22,50,590,Closed
University of Agriculture Faisalabad (UAF),Artificial Intelligence,2023,77.01,40,320,Closed
National University of Sciences and Technology (NUST),Mechanical Engineering,2016,92.17,120,1908,Closed
Lahore University of Management Sciences (LUMS),Biomedical Engineering,2021,96.77,80,1643,Closed
NED University of Engineering and Technology,Business Administration,2016,81.96,100,1051,Closed
COMSATS University Islamabad,Software Engineering,2015,83.38,60,857,Closed
Bahria University,Mathematics,2022,78.54,40,621,Closed
Institute of Space Technology (IST),Biomedical Engineering,2024,88.66,80,550,Closed
University of Management and Technology (UMT),Economics,2020,73.1,100,454,Closed
University of the Punjab (Gujranwala Campus),Biomedical Engineering,2019,75.16,100,991,Closed
Mehran University of Engineering and Technology,Chemical Engineering,2023,81.01,100,1298,Closed
COMSATS University Islamabad,Mechanical Engineering,2017,78.36,120,1116,Closed
Ghulam Ishaq Khan Institute (GIKI),Electrical Engineering,2020,93.62,80,1336,Closed
University of Gujrat,Economics,2021,66.68,80,893,Closed
Islamia University of Bahawalpur,Data Science,2021,76.41,40,401,Closed
NED University of Engineering and Technology,Mechanical Engineering,2015,83.95,80,1031,Closed
Air University Islamabad,Business Administration,2019,75.7,40,241,Closed
University of the Punjab (Gujranwala Campus),Data Science,2019,77.23,60,667,Closed
Mehran University of Engineering and Technology,Computer Science,2024,83.82,150,2431,Closed
National University of Sciences and Technology (NUST),Mathematics,2019,93.17,150,1928,Closed
University of Engineering and Technology (UET) Lahore,Computer Science,2017,94.33,50,441,Closed
Air University Islamabad,Data Science,2017,,80,1399,Closed
Institute of Space Technology (IST),Biomedical Engineering,2017,85.61,100,1332,Closed
University of Engineering and Technology (UET) Lahore,Electrical Engineering,2015,91.48,120,1418,Closed
University of Central Punjab (UCP),Computer Science,2017,75.17,40,189,Closed
Islamia University of Bahawalpur,Software Engineering,2015,127.52,150,662,Closed
National University of Sciences and Technology (NUST),Economics,2022,94.55,60,1070,Closed
FAST National University,Economics,2020,85.74,120,2038,Closed
Quaid-i-Azam University (QAU),Software Engineering,2024,96.81,100,1018,Closed
NED University of Engineering and Technology,Electrical Engineering,2024,89.24,60,872,Closed
Lahore University of Management Sciences (LUMS),Biomedical Engineering,2015,95.61,50,832,Closed
National University of Sciences and Technology (NUST),Business Administration,2022,94.62,60,638,Closed
Riphah International University,Data Science,2024,74.93,40,340,Closed
University of Engineering and Technology (UET) Lahore,Chemical Engineering,2018,91.04,40,746,Closed
NED University of Engineering and Technology,Data Science,2022,88.8,120,1335,Closed
Punjab University (PU),Civil Engineering,2019,75.81,150,1479,Closed
NED University of Engineering and Technology,Artificial Intelligence,2015,89.04,80,697,Closed
Islamia University of Bahawalpur,Computer Science,2019,71.95,50,240,Closed
NED University of Engineering and Technology,Economics,2018,82.31,60,709,Closed
Ghulam Ishaq Khan Institute (GIKI),Artificial Intelligence,2021,99.5,100,1854,Closed
University of Gujrat,Mathematics,2021,66.83,60,732,Closed
University of Karachi,Business Administration,2020,73.93,60,424,Closed
NED University of Engineering and Technology,Artificial Intelligence,2021,90.83,120,1885,Closed
Superior University Lahore,Artificial Intelligence,2017,70.73,150,1408,Closed
Ghulam Ishaq Khan Institute (GIKI),Computer Science,2020,99.5,60,754,Closed
University of Agriculture Faisalabad (UAF),Mechanical Engineering,2015,70.02,150,1473,Closed
University of the Punjab (Gujranwala Campus),Economics,2017,72.5,120,708,Closed
Islamia University of Bahawalpur,Business Administration,2018,65.21,50,571,Closed
University of Engineering and Technology (UET) Lahore,Mechanical Engineering,2019,90.62,40,736,Closed
FAST National University,Electrical Engineering,2016,87.38,60,709,Closed
NED University of Engineering and Technology,Artificial Intelligence,2016,87.79,150,2321,Closed
Air University Islamabad,Artificial Intelligence,2016,87.24,40,614,Closed
Bahria University,Electrical Engineering,2016,80.46,120,1830,Closed
Riphah International University,Chemical Engineering,2018,70.19,40,500,Closed
Institute of Space Technology (IST),Mathematics,2020,80.21,80,1080,Closed
